DROP TABLE test_record;
DROP TABLE not_allowed;
DROP TABLE doctor;
DROP TABLE patient;
DROP TABLE can_conduct;
DROP TABLE medical_lab;
DROP TABLE test_type;

CREATE TABLE patient (
    health_care_no int,
    name           varchar(50) NOT NULL,
    address        varchar(50),
    birth_day      date,
    phone          char(10),
    PRIMARY KEY(health_care_no),
    UNIQUE(name,address)
);

CREATE TABLE doctor (
    employee_no     int,
    clinic_address  varchar(100) NOT NULL,
    office_phone    char(10),
    emergence_phone char(10),
    health_care_no  int,
    PRIMARY KEY (employee_no),
    FOREIGN KEY (health_care_no) REFERENCES patient
);

CREATE TABLE medical_lab (
    lab_name  varchar(25),
    address   varchar(100) NOT NULL,
    phone     char(10) NOT NULL,
    PRIMARY KEY (lab_name)
);

CREATE TABLE test_type (
    type_id        int,
    test_name      varchar(48) NOT NULL,
    pre_requirment varchar(1024),
    test_procedure varchar(1024),
    PRIMARY KEY (type_id),
    UNIQUE (test_name)
);

CREATE TABLE can_conduct (
    lab_name  varchar(25),
    test_id   int,
    PRIMARY KEY(lab_name,test_id),
    FOREIGN KEY(lab_name) REFERENCES medical_lab,
    FOREIGN KEY(test_id) REFERENCES test_type
);

CREATE TABLE not_allowed (
    health_care_no  int,
    test_id         int,
    PRIMARY KEY(health_care_no, test_id),
    FOREIGN KEY(health_care_no) REFERENCES patient,
    FOREIGN KEY(test_id) REFERENCES test_type
);

CREATE TABLE test_record (
    test_id     int,
    type_id     int,
    patient_no  int,
    employee_no int,
    medical_lab varchar(25),
    result      varchar(1024),
    prescribe_date  date,
    test_date   date,
    PRIMARY KEY(test_id),
    FOREIGN KEY (employee_no) REFERENCES doctor,
    FOREIGN KEY (medical_lab) REFERENCES medical_lab,
    FOREIGN KEY (type_id) REFERENCES test_type,
    FOREIGN KEY (patient_no) REFERENCES patient
);

INSERT INTO test_type VALUES(1,'CT scan','xxx','yyy');
INSERT INTO test_type VALUES(2,'X ray','xxx','yyy');
INSERT INTO test_type VALUES(3,'bone marrow check','xxx','yyy');
INSERT INTO test_type VALUES(4,'MRI','xxx','yyy');
INSERT INTO patient VALUES(1136,'Toshia Overstreet','9013-3 AV Calgary, AB Y6J 8S9',to_date('23-SEP-1938','DD-MON-YYYY'),'4031764568');
INSERT INTO not_allowed VALUES(1136,3);
INSERT INTO patient VALUES(1158,'Leann Linton','2414-34 AV Calgary, AB N7W 9U4',to_date('6-DEC-1961','DD-MON-YYYY'),'7801096476');
INSERT INTO not_allowed VALUES(1158,3);
INSERT INTO patient VALUES(1272,'Michaele Caldwell','9216-99 AV Edmonton, AB A3F 6Z6',to_date('3-SEP-1953','DD-MON-YYYY'),'4031059275');
INSERT INTO not_allowed VALUES(1272,3);
INSERT INTO patient VALUES(1286,'Carlie Poehl','4411-39 ST Edmonton, AB N9J 7K3',to_date('4-JUN-1970','DD-MON-YYYY'),'4031796730');
INSERT INTO not_allowed VALUES(1286,3);
INSERT INTO patient VALUES(1298,'Lilli Heckendora','9011-30 ST Calgary, AB Q4B 5R9',to_date('8-NOV-2013','DD-MON-YYYY'),'7801069404');
INSERT INTO not_allowed VALUES(1298,1);
INSERT INTO patient VALUES(1636,'Janetta Branson','10518-16 ST Calgary, AB O2U 8O1',to_date('12-DEC-1924','DD-MON-YYYY'),'7801225031');
INSERT INTO not_allowed VALUES(1636,4);
INSERT INTO patient VALUES(1637,'Dr Tresa Kepplinger','2418-71 AV Calgary, AB G6M 4Q2',to_date('21-JUL-1958','DD-MON-YYYY'),'5871833557');
INSERT INTO doctor VALUES(1001,'1813-8 ST Edmonton, AB K7F 8V6','5871458033','5871947845',1637);
INSERT INTO not_allowed VALUES(1637,2);
INSERT INTO patient VALUES(1638,'Dr Janetta Linton','3811-65 AV Edmonton, AB O7R 9C3',to_date('18-SEP-1977','DD-MON-YYYY'),'7801806470');
INSERT INTO doctor VALUES(1002,'4812-80 AV Calgary, AB A9P 8W8','7801398469','5871231301',1638);
INSERT INTO not_allowed VALUES(1638,3);
INSERT INTO patient VALUES(1639,'Dr Lilli Poehl','2418-58 ST Calgary, AB L8B 6O7',to_date('12-JUL-1951','DD-MON-YYYY'),'5871222981');
INSERT INTO doctor VALUES(1003,'5812-5 AV Edmonton, AB Z1X 5B5','5871180073','4031576556',1639);
INSERT INTO not_allowed VALUES(1639,3);
INSERT INTO medical_lab VALUES('lab1','6611-72 ST Calgary, AB L8U 4C5','4031678198');
INSERT INTO can_conduct VALUES('lab1',3);
INSERT INTO medical_lab VALUES('lab2','5811-71 AV Red Deer, AB P3J 1S9','4031208954');
INSERT INTO can_conduct VALUES('lab2',2);
INSERT INTO medical_lab VALUES('lab3','10817-20 ST Edmonton, AB T5N 4U5','4031453850');
INSERT INTO can_conduct VALUES('lab3',2);
INSERT INTO patient VALUES(1640,'Myung Larson','10213-63 AV Calgary, AB T5P 5M7',to_date('3-MAY-1936','DD-MON-YYYY'),'7801876294');
INSERT INTO not_allowed VALUES(1640,3);
INSERT INTO patient VALUES(1641,'Toshia Crissman','7912-76 ST Calgary, AB I6Z 5X6',to_date('22-JUN-2011','DD-MON-YYYY'),'7801457262');
INSERT INTO not_allowed VALUES(1641,3);
INSERT INTO medical_lab VALUES('lab4','7819-52 ST Edmonton, AB T6E 1A2','5871740307');
INSERT INTO can_conduct VALUES('lab4',1);
INSERT INTO medical_lab VALUES('lab5','9311-84 ST Edmonton, AB N9X 5G6','7801622106');
INSERT INTO can_conduct VALUES('lab5',3);
INSERT INTO medical_lab VALUES('lab6','4512-91 AV Edmonton, AB C1P 4A3','4031706367');
INSERT INTO can_conduct VALUES('lab6',3);
INSERT INTO medical_lab VALUES('lab7','1212-64 ST Edmonton, AB Q2Z 6R6','7801261442');
INSERT INTO can_conduct VALUES('lab7',1);
INSERT INTO medical_lab VALUES('lab8','8414-96 ST Edmonton, AB L2F 7C5','7801003982');
INSERT INTO can_conduct VALUES('lab8',1);

INSERT INTO test_record VALUES(1,3,1136,1001,'lab1','normal',to_date('8-DEC-2008','DD-MON-YYYY'),to_date('8-DEC-2008','DD-MON-YYYY')+7);
INSERT INTO test_record VALUES(2,2,1158,1002,'lab2','normal',to_date('23-AUG-2011','DD-MON-YYYY'),to_date('23-AUG-2011','DD-MON-YYYY')+10);
INSERT INTO test_record VALUES(3,4,1272,1003,'lab1','abnormal',to_date('7-NOV-2005','DD-MON-YYYY'),to_date('7-NOV-2005','DD-MON-YYYY')+12);
--savepoint--
INSERT INTO test_record VALUES(4,1,1286,1001,'lab3','normal',to_date('9-JUN-2014','DD-MON-YYYY'),to_date('9-JUN-2014','DD-MON-YYYY')+9);
INSERT INTO test_record VALUES(5,1,1286,1001,'lab3','normal',to_date('21-MAR-2014','DD-MON-YYYY'),to_date('21-MAR-2014','DD-MON-YYYY')+7);
INSERT INTO test_record VALUES(6,1,1286,1001,'lab3','abnormal',to_date('16-APR-2014','DD-MON-YYYY'),to_date('16-APR-2014','DD-MON-YYYY')+9);
INSERT INTO test_record VALUES(7,1,1636,1002,'lab4','normal',to_date('7-NOV-2014','DD-MON-YYYY'),to_date('7-NOV-2014','DD-MON-YYYY')+10);
INSERT INTO test_record VALUES(9,1,1136,1002,'lab4','normal',to_date('25-DEC-2014','DD-MON-YYYY'),to_date('25-DEC-2014','DD-MON-YYYY')+12);
INSERT INTO test_record VALUES(10,1,1158,1002,'lab4','abnormal',to_date('19-JUL-2014','DD-MON-YYYY'),to_date('19-JUL-2014','DD-MON-YYYY')+8);
INSERT INTO test_record VALUES(11,1,1272,1003,'lab5','normal',to_date('27-NOV-2014','DD-MON-YYYY'),to_date('27-NOV-2014','DD-MON-YYYY')+12);
INSERT INTO test_record VALUES(12,1,1272,1003,'lab5','abnormal',to_date('3-MAY-2013','DD-MON-YYYY'),to_date('3-MAY-2013','DD-MON-YYYY')+9);
INSERT INTO test_record VALUES(13,1,1286,1003,'lab6','normal',to_date('2-JUL-2013','DD-MON-YYYY'),to_date('2-JUL-2013','DD-MON-YYYY')+13);
--savepoint--
INSERT INTO test_record VALUES(14,3,1286,1003,'lab6','normal',to_date('20-APR-2013','DD-MON-YYYY'),to_date('20-APR-2013','DD-MON-YYYY')+9);
INSERT INTO test_record VALUES(15,4,1286,1003,'lab6','abnormal',to_date('13-JUN-2013','DD-MON-YYYY'),to_date('13-JUN-2013','DD-MON-YYYY')+7);
INSERT INTO test_record VALUES(16,1,1286,1003,'lab6','normal',to_date('8-JUN-2013','DD-MON-YYYY'),to_date('8-JUN-2013','DD-MON-YYYY')+11);
INSERT INTO test_record VALUES(17,1,1286,1002,'lab7','normal',to_date('20-MAY-2013','DD-MON-YYYY'),to_date('20-MAY-2013','DD-MON-YYYY')+13);
INSERT INTO test_record VALUES(18,2,1286,1002,'lab7','normal',to_date('14-MAY-2013','DD-MON-YYYY'),to_date('14-MAY-2013','DD-MON-YYYY')+12);
INSERT INTO test_record VALUES(19,2,1286,1001,'lab3','abnormal',to_date('7-AUG-2013','DD-MON-YYYY'),to_date('7-AUG-2013','DD-MON-YYYY')+7);
INSERT INTO test_record VALUES(20,3,1286,1001,'lab4','normal',to_date('26-NOV-2013','DD-MON-YYYY'),to_date('26-NOV-2013','DD-MON-YYYY')+8);
INSERT INTO test_record VALUES(21,3,1286,1001,'lab4','normal',to_date('6-NOV-2013','DD-MON-YYYY'),to_date('6-NOV-2013','DD-MON-YYYY')+11);
--savepoint--
INSERT INTO test_record VALUES(22,1,1136,1001,'lab3','normal',to_date('7-JUN-2013','DD-MON-YYYY'),to_date('7-JUN-2013','DD-MON-YYYY')+12);
INSERT INTO test_record VALUES(23,1,1136,1001,'lab3','normal',to_date('5-MAR-2013','DD-MON-YYYY'),to_date('5-MAR-2013','DD-MON-YYYY')+11);
INSERT INTO test_record VALUES(24,4,1136,1001,'lab4','normal',to_date('22-SEP-2013','DD-MON-YYYY'),to_date('22-SEP-2013','DD-MON-YYYY')+10);
INSERT INTO test_record VALUES(25,4,1136,1001,'lab4','normal',to_date('4-JUL-2013','DD-MON-YYYY'),to_date('4-JUL-2013','DD-MON-YYYY')+9);
INSERT INTO test_record VALUES(26,3,1636,1002,'lab5','normal',to_date('26-JAN-2013','DD-MON-YYYY'),to_date('26-OCT-2013','DD-MON-YYYY')+11);
INSERT INTO test_record VALUES(27,3,1636,1002,'lab5','abnormal',to_date('4-JUL-2013','DD-MON-YYYY'),to_date('4-JUL-2013','DD-MON-YYYY')+12);
INSERT INTO test_record VALUES(28,3,1636,1002,'lab5','abnormal',to_date('8-AUG-2013','DD-MON-YYYY'),to_date('8-AUG-2013','DD-MON-YYYY')+13);
INSERT INTO test_record VALUES(29,4,1636,1002,'lab5','normal',to_date('1-FEB-2013','DD-MON-YYYY'),to_date('1-OCT-2013','DD-MON-YYYY')+8);
INSERT INTO test_record VALUES(30,2,1298,1002,'lab6','normal',to_date('25-AUG-2013','DD-MON-YYYY'),to_date('25-AUG-2013','DD-MON-YYYY')+10);
INSERT INTO test_record VALUES(31,4,1298,1002,'lab6','normal',to_date('22-MAR-2013','DD-MON-YYYY'),to_date('22-OCT-2013','DD-MON-YYYY')+13);
INSERT INTO test_record VALUES(32,3,1298,1002,'lab5','abnormal',to_date('26-MAR-2013','DD-MON-YYYY'),to_date('26-MAR-2013','DD-MON-YYYY')+8);
INSERT INTO test_record VALUES(33,4,1298,1002,'lab6','normal',to_date('9-MAY-2013','DD-MON-YYYY'),to_date('9-MAY-2013','DD-MON-YYYY')+9);
INSERT INTO test_record VALUES(34,2,1158,1003,'lab6','normal',to_date('21-JUN-2013','DD-MON-YYYY'),to_date('21-JUN-2013','DD-MON-YYYY')+10);
INSERT INTO test_record VALUES(35,2,1158,1003,'lab7','normal',to_date('4-FEB-2013','DD-MON-YYYY'),to_date('4-FEB-2013','DD-MON-YYYY')+12);
INSERT INTO test_record VALUES(36,2,1158,1003,'lab5','normal',to_date('6-MAY-2013','DD-MON-YYYY'),to_date('6-NOV-2013','DD-MON-YYYY')+11);
commit;INSERT INTO test_type VALUES(1,'CT scan','xxx','yyy');
INSERT INTO test_type VALUES(2,'X ray','xxx','yyy');
INSERT INTO test_type VALUES(3,'bone marrow check','xxx','yyy');
INSERT INTO test_type VALUES(4,'MRI','xxx','yyy');
INSERT INTO patient VALUES(2010,'Dr Britt Bridger','6814-71 ST Edmonton, AB A7G 8H2',to_date('16-JUN-1949','DD-MON-YYYY'),'7801586579');
INSERT INTO doctor VALUES(1,'4313-50 AV Calgary, AB Q7A 6G1','5871030925','7801874197',2010);
INSERT INTO test_record VALUES(102,1,2010,0,'lab5','normal',to_date('7-DEC-2009','DD-MON-YYYY'),to_date('7-DEC-2009','DD-MON-YYYY')+9);
INSERT INTO test_record VALUES(103,2,2010,0,'lab4','normal',to_date('27-OCT-2009','DD-MON-YYYY'),to_date('27-OCT-2009','DD-MON-YYYY')+11);
INSERT INTO test_record VALUES(104,3,2010,0,'lab4','normal',to_date('19-SEP-2009','DD-MON-YYYY'),to_date('19-SEP-2009','DD-MON-YYYY')+8);
INSERT INTO test_record VALUES(105,4,2010,0,'lab3','normal',to_date('15-OCT-2009','DD-MON-YYYY'),to_date('15-OCT-2009','DD-MON-YYYY')+12);
INSERT INTO not_allowed VALUES(2010,3);
INSERT INTO patient VALUES(2011,'Dr Roy Ballou','9313-2 ST Calgary, AB Q1F 8F2',to_date('4-FEB-1968','DD-MON-YYYY'),'7801600698');
INSERT INTO doctor VALUES(2,'3716-81 AV Edmonton, AB R9N 6Z1','5871137586','7801001654',2011);
INSERT INTO test_record VALUES(106,1,2011,1,'lab3','normal',to_date('1-APR-2009','DD-MON-YYYY'),to_date('1-APR-2009','DD-MON-YYYY')+13);
INSERT INTO test_record VALUES(107,2,2011,1,'lab3','normal',to_date('17-JUN-2009','DD-MON-YYYY'),to_date('17-JUN-2009','DD-MON-YYYY')+13);
INSERT INTO test_record VALUES(108,3,2011,1,'lab4','normal',to_date('21-JUL-2009','DD-MON-YYYY'),to_date('21-JUL-2009','DD-MON-YYYY')+11);
INSERT INTO test_record VALUES(109,4,2011,1,'lab3','normal',to_date('10-DEC-2009','DD-MON-YYYY'),to_date('10-DEC-2009','DD-MON-YYYY')+9);
INSERT INTO not_allowed VALUES(2011,3);
INSERT INTO patient VALUES(2012,'Dr Garret Overstreet','5713-22 ST Calgary, AB O9C 2M6',to_date('25-MAR-1966','DD-MON-YYYY'),'4031549790');
INSERT INTO doctor VALUES(3,'9717-85 AV Calgary, AB O6D 2E8','4031619966','7801205134',2012);
INSERT INTO test_record VALUES(110,1,2012,2,'lab5','normal',to_date('18-OCT-2009','DD-MON-YYYY'),to_date('18-OCT-2009','DD-MON-YYYY')+13);
INSERT INTO test_record VALUES(111,2,2012,2,'lab6','normal',to_date('8-APR-2009','DD-MON-YYYY'),to_date('8-APR-2009','DD-MON-YYYY')+8);
INSERT INTO test_record VALUES(112,3,2012,2,'lab6','normal',to_date('16-APR-2009','DD-MON-YYYY'),to_date('16-APR-2009','DD-MON-YYYY')+9);
INSERT INTO test_record VALUES(113,4,2012,2,'lab6','normal',to_date('14-MAY-2009','DD-MON-YYYY'),to_date('14-MAY-2009','DD-MON-YYYY')+12);
INSERT INTO not_allowed VALUES(2012,3);
INSERT INTO patient VALUES(2013,'Dr Roy Mckinnon','8510-11 AV Edmonton, AB A6J 6L1',to_date('12-FEB-1973','DD-MON-YYYY'),'7801287567');
INSERT INTO doctor VALUES(4,'2812-29 AV Edmonton, AB Z9Z 9H5','7801659355','4031138571',2013);
INSERT INTO test_record VALUES(114,1,2013,3,'lab5','normal',to_date('26-MAR-2009','DD-MON-YYYY'),to_date('26-MAR-2009','DD-MON-YYYY')+11);
INSERT INTO test_record VALUES(115,2,2013,3,'lab7','normal',to_date('7-AUG-2009','DD-MON-YYYY'),to_date('7-AUG-2009','DD-MON-YYYY')+7);
INSERT INTO test_record VALUES(116,3,2013,3,'lab4','normal',to_date('10-OCT-2009','DD-MON-YYYY'),to_date('10-OCT-2009','DD-MON-YYYY')+8);
INSERT INTO test_record VALUES(117,4,2013,3,'lab7','normal',to_date('17-FEB-2009','DD-MON-YYYY'),to_date('17-FEB-2009','DD-MON-YYYY')+8);
INSERT INTO not_allowed VALUES(2013,3);
INSERT INTO patient VALUES(2014,'Dr Tanika Stanfield','4814-11 ST Edmonton, AB I8N 4S1',to_date('14-MAR-1943','DD-MON-YYYY'),'7801314230');
INSERT INTO doctor VALUES(5,'3317-92 ST Edmonton, AB Y9W 4G4','7801234888','4031219826',2014);
INSERT INTO test_record VALUES(118,1,2014,4,'lab3','normal',to_date('11-FEB-2009','DD-MON-YYYY'),to_date('11-FEB-2009','DD-MON-YYYY')+8);
INSERT INTO test_record VALUES(119,2,2014,4,'lab6','normal',to_date('9-SEP-2009','DD-MON-YYYY'),to_date('9-SEP-2009','DD-MON-YYYY')+8);
INSERT INTO test_record VALUES(120,3,2014,4,'lab7','normal',to_date('20-JUL-2009','DD-MON-YYYY'),to_date('20-JUL-2009','DD-MON-YYYY')+11);
INSERT INTO test_record VALUES(121,4,2014,4,'lab4','normal',to_date('25-NOV-2009','DD-MON-YYYY'),to_date('25-NOV-2009','DD-MON-YYYY')+12);
INSERT INTO not_allowed VALUES(2014,3);
INSERT INTO patient VALUES(2005,'Michaele Bridger','7111-71 ST Calgary, AB X3K 1B6',to_date('12-MAR-1988','DD-MON-YYYY'),'4031167520');
INSERT INTO not_allowed VALUES(2005,3);
INSERT INTO test_record VALUES(122,1,2005,5,'lab6','normal',to_date('2-MAY-2013','DD-MON-YYYY'),to_date('2-MAY-2013','DD-MON-YYYY')+10);
INSERT INTO test_record VALUES(123,1,2005,5,'lab7','normal',to_date('25-MAR-2013','DD-MON-YYYY'),to_date('25-MAR-2013','DD-MON-YYYY')+9);
INSERT INTO test_record VALUES(124,1,2005,5,'lab5','abnormal',to_date('11-MAY-2013','DD-MON-YYYY'),to_date('11-MAY-2013','DD-MON-YYYY')+13);
INSERT INTO test_record VALUES(125,4,2005,5,'lab7','normal',to_date('16-FEB-2013','DD-MON-YYYY'),to_date('16-FEB-2013','DD-MON-YYYY')+8);
INSERT INTO test_record VALUES(126,4,2005,5,'lab4','normal',to_date('23-JUL-2013','DD-MON-YYYY'),to_date('23-JUL-2013','DD-MON-YYYY')+8);
INSERT INTO test_record VALUES(127,4,2005,5,'lab3','normal',to_date('20-MAR-2013','DD-MON-YYYY'),to_date('20-MAR-2013','DD-MON-YYYY')+7);
INSERT INTO test_record VALUES(128,4,2005,5,'lab6','normal',to_date('17-JUN-2013','DD-MON-YYYY'),to_date('17-JUN-2013','DD-MON-YYYY')+10);
INSERT INTO test_record VALUES(129,4,2005,5,'lab3','abnormal',to_date('8-MAR-2013','DD-MON-YYYY'),to_date('8-MAR-2013','DD-MON-YYYY')+10);
INSERT INTO test_record VALUES(130,4,2005,5,'lab6','normal',to_date('16-JUL-2013','DD-MON-YYYY'),to_date('16-JUL-2013','DD-MON-YYYY')+10);
INSERT INTO test_record VALUES(131,4,2005,5,'lab6','normal',to_date('8-JUL-2013','DD-MON-YYYY'),to_date('8-JUL-2013','DD-MON-YYYY')+8);
INSERT INTO test_record VALUES(132,4,2005,5,'lab4','abnormal',to_date('18-MAR-2013','DD-MON-YYYY'),to_date('18-MAR-2013','DD-MON-YYYY')+8);
INSERT INTO test_record VALUES(133,4,2005,5,'lab3','normal',to_date('1-JUL-2013','DD-MON-YYYY'),to_date('1-JUL-2013','DD-MON-YYYY')+12);
INSERT INTO test_record VALUES(134,4,2005,5,'lab3','abnormal',to_date('2-MAR-2013','DD-MON-YYYY'),to_date('2-MAR-2013','DD-MON-YYYY')+9);
INSERT INTO test_record VALUES(135,4,2005,5,'lab6','normal',to_date('14-MAR-2013','DD-MON-YYYY'),to_date('14-MAR-2013','DD-MON-YYYY')+11);
INSERT INTO test_record VALUES(136,4,2005,5,'lab4','abnormal',to_date('17-JUN-2013','DD-MON-YYYY'),to_date('17-JUN-2013','DD-MON-YYYY')+13);
INSERT INTO test_record VALUES(137,4,2005,5,'lab6','normal',to_date('3-SEP-2013','DD-MON-YYYY'),to_date('3-SEP-2013','DD-MON-YYYY')+7);
INSERT INTO test_record VALUES(138,4,2005,5,'lab3','abnormal',to_date('10-APR-2013','DD-MON-YYYY'),to_date('10-APR-2013','DD-MON-YYYY')+10);
INSERT INTO test_record VALUES(139,4,2005,5,'lab5','normal',to_date('9-APR-2013','DD-MON-YYYY'),to_date('9-APR-2013','DD-MON-YYYY')+7);
INSERT INTO test_record VALUES(140,4,2005,5,'lab5','normal',to_date('22-MAR-2013','DD-MON-YYYY'),to_date('22-MAR-2013','DD-MON-YYYY')+11);
INSERT INTO test_record VALUES(141,4,2005,5,'lab6','normal',to_date('23-MAR-2013','DD-MON-YYYY'),to_date('23-MAR-2013','DD-MON-YYYY')+10);
INSERT INTO test_record VALUES(142,4,2005,5,'lab5','normal',to_date('7-MAR-2013','DD-MON-YYYY'),to_date('7-MAR-2013','DD-MON-YYYY')+11);
INSERT INTO test_record VALUES(143,4,2005,5,'lab6','normal',to_date('7-MAY-2013','DD-MON-YYYY'),to_date('7-MAY-2013','DD-MON-YYYY')+12);
INSERT INTO test_record VALUES(144,4,2005,5,'lab4','normal',to_date('26-NOV-2013','DD-MON-YYYY'),to_date('26-NOV-2013','DD-MON-YYYY')+8);
INSERT INTO test_record VALUES(145,4,2005,5,'lab6','abnormal',to_date('1-JUN-2013','DD-MON-YYYY'),to_date('1-JUN-2013','DD-MON-YYYY')+11);
INSERT INTO test_record VALUES(146,4,2005,5,'lab7','normal',to_date('3-AUG-2013','DD-MON-YYYY'),to_date('3-AUG-2013','DD-MON-YYYY')+13);
INSERT INTO test_record VALUES(147,4,2005,5,'lab4','abnormal',to_date('14-MAR-2013','DD-MON-YYYY'),to_date('14-MAR-2013','DD-MON-YYYY')+11);
INSERT INTO test_record VALUES(148,4,2005,5,'lab7','abnormal',to_date('24-FEB-2013','DD-MON-YYYY'),to_date('24-FEB-2013','DD-MON-YYYY')+11);
INSERT INTO test_record VALUES(149,4,2005,5,'lab6','normal',to_date('1-NOV-2013','DD-MON-YYYY'),to_date('1-NOV-2013','DD-MON-YYYY')+7);
INSERT INTO test_record VALUES(150,4,2005,5,'lab5','normal',to_date('5-JUL-2013','DD-MON-YYYY'),to_date('5-JUL-2013','DD-MON-YYYY')+12);
INSERT INTO test_record VALUES(151,4,2005,5,'lab6','normal',to_date('22-DEC-2013','DD-MON-YYYY'),to_date('22-DEC-2013','DD-MON-YYYY')+12);
INSERT INTO test_record VALUES(152,4,2005,5,'lab4','abnormal',to_date('7-OCT-2013','DD-MON-YYYY'),to_date('7-OCT-2013','DD-MON-YYYY')+11);
INSERT INTO test_record VALUES(153,4,2005,5,'lab7','normal',to_date('3-MAR-2013','DD-MON-YYYY'),to_date('3-MAR-2013','DD-MON-YYYY')+9);
INSERT INTO test_record VALUES(154,4,2005,5,'lab7','normal',to_date('13-JUL-2013','DD-MON-YYYY'),to_date('13-JUL-2013','DD-MON-YYYY')+7);
INSERT INTO test_record VALUES(155,4,2005,5,'lab7','normal',to_date('17-DEC-2013','DD-MON-YYYY'),to_date('17-DEC-2013','DD-MON-YYYY')+10);
INSERT INTO test_record VALUES(156,4,2005,5,'lab6','normal',to_date('7-OCT-2013','DD-MON-YYYY'),to_date('7-OCT-2013','DD-MON-YYYY')+11);
INSERT INTO test_record VALUES(157,4,2005,5,'lab4','abnormal',to_date('26-APR-2013','DD-MON-YYYY'),to_date('26-APR-2013','DD-MON-YYYY')+10);
INSERT INTO test_record VALUES(158,4,2005,5,'lab7','normal',to_date('23-JUL-2013','DD-MON-YYYY'),to_date('23-JUL-2013','DD-MON-YYYY')+7);
INSERT INTO test_record VALUES(159,4,2005,5,'lab3','normal',to_date('10-NOV-2013','DD-MON-YYYY'),to_date('10-NOV-2013','DD-MON-YYYY')+9);
INSERT INTO test_record VALUES(160,4,2005,5,'lab4','abnormal',to_date('15-AUG-2013','DD-MON-YYYY'),to_date('15-AUG-2013','DD-MON-YYYY')+13);
INSERT INTO test_record VALUES(161,4,2005,5,'lab4','normal',to_date('3-DEC-2013','DD-MON-YYYY'),to_date('3-DEC-2013','DD-MON-YYYY')+7);
INSERT INTO test_record VALUES(162,4,2005,5,'lab6','normal',to_date('7-MAY-2013','DD-MON-YYYY'),to_date('7-MAY-2013','DD-MON-YYYY')+9);
INSERT INTO test_record VALUES(163,4,2005,5,'lab3','abnormal',to_date('5-FEB-2013','DD-MON-YYYY'),to_date('5-FEB-2013','DD-MON-YYYY')+11);
INSERT INTO test_record VALUES(164,4,2005,5,'lab6','normal',to_date('27-MAR-2013','DD-MON-YYYY'),to_date('27-MAR-2013','DD-MON-YYYY')+8);
INSERT INTO test_record VALUES(165,4,2005,5,'lab5','normal',to_date('17-JUN-2013','DD-MON-YYYY'),to_date('17-JUN-2013','DD-MON-YYYY')+8);
INSERT INTO test_record VALUES(166,4,2005,5,'lab7','normal',to_date('24-MAR-2013','DD-MON-YYYY'),to_date('24-MAR-2013','DD-MON-YYYY')+7);
INSERT INTO test_record VALUES(167,4,2005,5,'lab6','abnormal',to_date('7-MAY-2013','DD-MON-YYYY'),to_date('7-MAY-2013','DD-MON-YYYY')+8);
INSERT INTO test_record VALUES(168,4,2005,5,'lab7','abnormal',to_date('9-FEB-2013','DD-MON-YYYY'),to_date('9-FEB-2013','DD-MON-YYYY')+13);
INSERT INTO test_record VALUES(169,4,2005,5,'lab4','abnormal',to_date('24-APR-2013','DD-MON-YYYY'),to_date('24-APR-2013','DD-MON-YYYY')+12);
INSERT INTO test_record VALUES(170,4,2005,5,'lab5','normal',to_date('14-NOV-2013','DD-MON-YYYY'),to_date('14-NOV-2013','DD-MON-YYYY')+9);
INSERT INTO test_record VALUES(171,4,2005,5,'lab7','abnormal',to_date('1-JUL-2013','DD-MON-YYYY'),to_date('1-JUL-2013','DD-MON-YYYY')+9);
INSERT INTO test_record VALUES(172,4,2005,5,'lab4','normal',to_date('10-SEP-2013','DD-MON-YYYY'),to_date('10-SEP-2013','DD-MON-YYYY')+8);
INSERT INTO test_record VALUES(173,4,2005,5,'lab7','normal',to_date('24-FEB-2013','DD-MON-YYYY'),to_date('24-FEB-2013','DD-MON-YYYY')+7);
INSERT INTO test_record VALUES(174,4,2005,5,'lab6','normal',to_date('5-DEC-2013','DD-MON-YYYY'),to_date('5-DEC-2013','DD-MON-YYYY')+8);
INSERT INTO test_record VALUES(175,4,2005,5,'lab6','normal',to_date('11-SEP-2013','DD-MON-YYYY'),to_date('11-SEP-2013','DD-MON-YYYY')+7);
INSERT INTO test_record VALUES(176,4,2005,5,'lab5','normal',to_date('12-AUG-2013','DD-MON-YYYY'),to_date('12-AUG-2013','DD-MON-YYYY')+7);
INSERT INTO test_record VALUES(177,4,2005,5,'lab3','normal',to_date('14-NOV-2013','DD-MON-YYYY'),to_date('14-NOV-2013','DD-MON-YYYY')+10);
INSERT INTO test_record VALUES(178,4,2005,5,'lab5','abnormal',to_date('8-AUG-2013','DD-MON-YYYY'),to_date('8-AUG-2013','DD-MON-YYYY')+7);
INSERT INTO test_record VALUES(179,4,2005,5,'lab6','normal',to_date('5-AUG-2013','DD-MON-YYYY'),to_date('5-AUG-2013','DD-MON-YYYY')+8);
INSERT INTO test_record VALUES(180,4,2005,5,'lab3','normal',to_date('3-APR-2013','DD-MON-YYYY'),to_date('3-APR-2013','DD-MON-YYYY')+10);
INSERT INTO test_record VALUES(181,4,2005,5,'lab5','normal',to_date('27-OCT-2013','DD-MON-YYYY'),to_date('27-OCT-2013','DD-MON-YYYY')+13);
INSERT INTO test_record VALUES(182,4,2005,5,'lab7','normal',to_date('26-FEB-2013','DD-MON-YYYY'),to_date('26-FEB-2013','DD-MON-YYYY')+12);
INSERT INTO test_record VALUES(183,4,2005,5,'lab3','normal',to_date('11-SEP-2013','DD-MON-YYYY'),to_date('11-SEP-2013','DD-MON-YYYY')+12);
INSERT INTO test_record VALUES(184,4,2005,5,'lab6','abnormal',to_date('3-APR-2013','DD-MON-YYYY'),to_date('3-APR-2013','DD-MON-YYYY')+8);
INSERT INTO test_record VALUES(185,4,2005,5,'lab7','normal',to_date('21-APR-2013','DD-MON-YYYY'),to_date('21-APR-2013','DD-MON-YYYY')+7);
INSERT INTO test_record VALUES(186,4,2005,5,'lab7','abnormal',to_date('18-JUL-2013','DD-MON-YYYY'),to_date('18-JUL-2013','DD-MON-YYYY')+8);
INSERT INTO test_record VALUES(187,4,2005,5,'lab4','normal',to_date('11-OCT-2013','DD-MON-YYYY'),to_date('11-OCT-2013','DD-MON-YYYY')+11);
INSERT INTO test_record VALUES(188,4,2005,5,'lab5','normal',to_date('6-NOV-2013','DD-MON-YYYY'),to_date('6-NOV-2013','DD-MON-YYYY')+13);
INSERT INTO test_record VALUES(189,4,2005,5,'lab7','normal',to_date('11-NOV-2013','DD-MON-YYYY'),to_date('11-NOV-2013','DD-MON-YYYY')+8);
INSERT INTO test_record VALUES(190,4,2005,5,'lab3','normal',to_date('24-DEC-2013','DD-MON-YYYY'),to_date('24-DEC-2013','DD-MON-YYYY')+7);
INSERT INTO test_record VALUES(191,4,2005,5,'lab4','abnormal',to_date('26-NOV-2013','DD-MON-YYYY'),to_date('26-NOV-2013','DD-MON-YYYY')+11);
INSERT INTO test_record VALUES(192,4,2005,5,'lab3','normal',to_date('6-MAR-2013','DD-MON-YYYY'),to_date('6-MAR-2013','DD-MON-YYYY')+7);
INSERT INTO test_record VALUES(193,4,2005,5,'lab5','normal',to_date('26-AUG-2013','DD-MON-YYYY'),to_date('26-AUG-2013','DD-MON-YYYY')+9);
INSERT INTO test_record VALUES(194,4,2005,5,'lab5','normal',to_date('8-DEC-2013','DD-MON-YYYY'),to_date('8-DEC-2013','DD-MON-YYYY')+8);
INSERT INTO test_record VALUES(195,4,2005,5,'lab7','normal',to_date('5-APR-2013','DD-MON-YYYY'),to_date('5-APR-2013','DD-MON-YYYY')+13);
INSERT INTO test_record VALUES(196,4,2005,5,'lab6','abnormal',to_date('4-JUL-2013','DD-MON-YYYY'),to_date('4-JUL-2013','DD-MON-YYYY')+12);
INSERT INTO test_record VALUES(197,4,2005,5,'lab4','normal',to_date('22-NOV-2013','DD-MON-YYYY'),to_date('22-NOV-2013','DD-MON-YYYY')+8);
INSERT INTO test_record VALUES(198,4,2005,5,'lab7','abnormal',to_date('24-APR-2013','DD-MON-YYYY'),to_date('24-APR-2013','DD-MON-YYYY')+11);
INSERT INTO test_record VALUES(199,4,2005,5,'lab6','normal',to_date('3-NOV-2013','DD-MON-YYYY'),to_date('3-NOV-2013','DD-MON-YYYY')+7);
INSERT INTO test_record VALUES(200,4,2005,5,'lab3','abnormal',to_date('19-SEP-2013','DD-MON-YYYY'),to_date('19-SEP-2013','DD-MON-YYYY')+7);
INSERT INTO test_record VALUES(201,4,2005,5,'lab4','normal',to_date('9-SEP-2013','DD-MON-YYYY'),to_date('9-SEP-2013','DD-MON-YYYY')+12);
INSERT INTO test_record VALUES(202,4,2005,5,'lab5','normal',to_date('5-APR-2013','DD-MON-YYYY'),to_date('5-APR-2013','DD-MON-YYYY')+12);
INSERT INTO test_record VALUES(203,4,2005,5,'lab4','normal',to_date('12-OCT-2013','DD-MON-YYYY'),to_date('12-OCT-2013','DD-MON-YYYY')+13);
INSERT INTO test_record VALUES(204,4,2005,5,'lab5','normal',to_date('8-APR-2013','DD-MON-YYYY'),to_date('8-APR-2013','DD-MON-YYYY')+13);
INSERT INTO test_record VALUES(205,4,2005,5,'lab6','normal',to_date('9-SEP-2013','DD-MON-YYYY'),to_date('9-SEP-2013','DD-MON-YYYY')+13);
INSERT INTO test_record VALUES(206,4,2005,5,'lab3','normal',to_date('1-JUN-2013','DD-MON-YYYY'),to_date('1-JUN-2013','DD-MON-YYYY')+11);
INSERT INTO test_record VALUES(207,4,2005,5,'lab6','normal',to_date('6-DEC-2013','DD-MON-YYYY'),to_date('6-DEC-2013','DD-MON-YYYY')+12);
INSERT INTO test_record VALUES(208,4,2005,5,'lab7','normal',to_date('20-JUN-2013','DD-MON-YYYY'),to_date('20-JUN-2013','DD-MON-YYYY')+9);
INSERT INTO test_record VALUES(209,4,2005,5,'lab4','normal',to_date('21-DEC-2013','DD-MON-YYYY'),to_date('21-DEC-2013','DD-MON-YYYY')+13);
INSERT INTO test_record VALUES(210,4,2005,5,'lab4','abnormal',to_date('5-APR-2013','DD-MON-YYYY'),to_date('5-APR-2013','DD-MON-YYYY')+7);
INSERT INTO test_record VALUES(211,4,2005,5,'lab6','abnormal',to_date('3-DEC-2013','DD-MON-YYYY'),to_date('3-DEC-2013','DD-MON-YYYY')+10);
INSERT INTO test_record VALUES(212,4,2005,5,'lab6','normal',to_date('25-MAR-2013','DD-MON-YYYY'),to_date('25-MAR-2013','DD-MON-YYYY')+8);
INSERT INTO test_record VALUES(213,4,2005,5,'lab4','normal',to_date('21-SEP-2013','DD-MON-YYYY'),to_date('21-SEP-2013','DD-MON-YYYY')+10);
INSERT INTO test_record VALUES(214,4,2005,5,'lab6','normal',to_date('13-MAR-2013','DD-MON-YYYY'),to_date('13-MAR-2013','DD-MON-YYYY')+8);
INSERT INTO test_record VALUES(215,4,2005,5,'lab7','normal',to_date('7-JUN-2013','DD-MON-YYYY'),to_date('7-JUN-2013','DD-MON-YYYY')+11);
INSERT INTO test_record VALUES(216,4,2005,5,'lab4','normal',to_date('7-FEB-2013','DD-MON-YYYY'),to_date('7-FEB-2013','DD-MON-YYYY')+13);
INSERT INTO test_record VALUES(217,4,2005,5,'lab4','normal',to_date('19-JUN-2013','DD-MON-YYYY'),to_date('19-JUN-2013','DD-MON-YYYY')+8);
INSERT INTO test_record VALUES(218,4,2005,5,'lab5','abnormal',to_date('15-SEP-2013','DD-MON-YYYY'),to_date('15-SEP-2013','DD-MON-YYYY')+13);
INSERT INTO test_record VALUES(219,4,2005,5,'lab5','normal',to_date('13-NOV-2013','DD-MON-YYYY'),to_date('13-NOV-2013','DD-MON-YYYY')+12);
INSERT INTO test_record VALUES(220,4,2005,5,'lab7','normal',to_date('16-APR-2013','DD-MON-YYYY'),to_date('16-APR-2013','DD-MON-YYYY')+8);
INSERT INTO test_record VALUES(221,4,2005,5,'lab6','normal',to_date('24-DEC-2013','DD-MON-YYYY'),to_date('24-DEC-2013','DD-MON-YYYY')+9);
INSERT INTO patient VALUES(2006,'Delphine Mckinnon','2317-61 ST Edmonton, AB T9N 6T3',to_date('2-NOV-1988','DD-MON-YYYY'),'4031318357');
INSERT INTO not_allowed VALUES(2006,3);
INSERT INTO test_record VALUES(222,4,2006,5,'lab4','normal',to_date('5-JUN-2013','DD-MON-YYYY'),to_date('5-JUN-2013','DD-MON-YYYY')+13);
INSERT INTO test_record VALUES(223,4,2006,5,'lab4','normal',to_date('13-SEP-2013','DD-MON-YYYY'),to_date('13-SEP-2013','DD-MON-YYYY')+9);
INSERT INTO test_record VALUES(224,4,2006,5,'lab4','normal',to_date('13-DEC-2013','DD-MON-YYYY'),to_date('13-DEC-2013','DD-MON-YYYY')+13);
INSERT INTO test_record VALUES(225,4,2006,5,'lab7','abnormal',to_date('5-JUL-2013','DD-MON-YYYY'),to_date('5-JUL-2013','DD-MON-YYYY')+12);
INSERT INTO test_record VALUES(226,4,2006,5,'lab5','normal',to_date('26-MAR-2013','DD-MON-YYYY'),to_date('26-MAR-2013','DD-MON-YYYY')+7);
INSERT INTO test_record VALUES(227,4,2006,5,'lab4','normal',to_date('11-APR-2013','DD-MON-YYYY'),to_date('11-APR-2013','DD-MON-YYYY')+13);
INSERT INTO test_record VALUES(228,4,2006,5,'lab7','normal',to_date('18-AUG-2013','DD-MON-YYYY'),to_date('18-AUG-2013','DD-MON-YYYY')+7);
INSERT INTO test_record VALUES(229,4,2006,5,'lab3','normal',to_date('11-APR-2013','DD-MON-YYYY'),to_date('11-APR-2013','DD-MON-YYYY')+7);
INSERT INTO test_record VALUES(230,4,2006,5,'lab4','normal',to_date('13-AUG-2013','DD-MON-YYYY'),to_date('13-AUG-2013','DD-MON-YYYY')+9);
INSERT INTO test_record VALUES(231,4,2006,5,'lab5','normal',to_date('21-FEB-2013','DD-MON-YYYY'),to_date('21-FEB-2013','DD-MON-YYYY')+8);
INSERT INTO test_record VALUES(232,4,2006,5,'lab5','normal',to_date('5-SEP-2013','DD-MON-YYYY'),to_date('5-SEP-2013','DD-MON-YYYY')+10);
INSERT INTO test_record VALUES(233,4,2006,5,'lab4','normal',to_date('20-APR-2013','DD-MON-YYYY'),to_date('20-APR-2013','DD-MON-YYYY')+12);
INSERT INTO test_record VALUES(234,4,2006,5,'lab3','abnormal',to_date('5-AUG-2013','DD-MON-YYYY'),to_date('5-AUG-2013','DD-MON-YYYY')+11);
INSERT INTO test_record VALUES(235,4,2006,5,'lab7','normal',to_date('18-AUG-2013','DD-MON-YYYY'),to_date('18-AUG-2013','DD-MON-YYYY')+11);
INSERT INTO test_record VALUES(236,4,2006,5,'lab4','abnormal',to_date('9-DEC-2013','DD-MON-YYYY'),to_date('9-DEC-2013','DD-MON-YYYY')+10);
INSERT INTO test_record VALUES(237,4,2006,5,'lab4','normal',to_date('13-FEB-2013','DD-MON-YYYY'),to_date('13-FEB-2013','DD-MON-YYYY')+13);
INSERT INTO test_record VALUES(238,4,2006,5,'lab3','normal',to_date('9-MAY-2013','DD-MON-YYYY'),to_date('9-MAY-2013','DD-MON-YYYY')+12);
INSERT INTO test_record VALUES(239,4,2006,5,'lab4','normal',to_date('21-DEC-2013','DD-MON-YYYY'),to_date('21-DEC-2013','DD-MON-YYYY')+12);
INSERT INTO test_record VALUES(240,4,2006,5,'lab5','normal',to_date('16-SEP-2013','DD-MON-YYYY'),to_date('16-SEP-2013','DD-MON-YYYY')+13);
INSERT INTO test_record VALUES(241,4,2006,5,'lab6','abnormal',to_date('27-JUL-2013','DD-MON-YYYY'),to_date('27-JUL-2013','DD-MON-YYYY')+8);
INSERT INTO test_record VALUES(242,4,2006,5,'lab7','normal',to_date('16-SEP-2013','DD-MON-YYYY'),to_date('16-SEP-2013','DD-MON-YYYY')+11);
INSERT INTO test_record VALUES(243,4,2006,5,'lab4','abnormal',to_date('16-NOV-2013','DD-MON-YYYY'),to_date('16-NOV-2013','DD-MON-YYYY')+12);
INSERT INTO test_record VALUES(244,4,2006,5,'lab5','normal',to_date('1-NOV-2013','DD-MON-YYYY'),to_date('1-NOV-2013','DD-MON-YYYY')+8);
INSERT INTO test_record VALUES(245,4,2006,5,'lab5','abnormal',to_date('20-FEB-2013','DD-MON-YYYY'),to_date('20-FEB-2013','DD-MON-YYYY')+12);
INSERT INTO test_record VALUES(246,4,2006,5,'lab6','abnormal',to_date('22-AUG-2013','DD-MON-YYYY'),to_date('22-AUG-2013','DD-MON-YYYY')+10);
INSERT INTO test_record VALUES(247,4,2006,5,'lab5','normal',to_date('17-JUL-2013','DD-MON-YYYY'),to_date('17-JUL-2013','DD-MON-YYYY')+12);
INSERT INTO test_record VALUES(248,4,2006,5,'lab5','normal',to_date('25-MAR-2013','DD-MON-YYYY'),to_date('25-MAR-2013','DD-MON-YYYY')+7);
INSERT INTO test_record VALUES(249,4,2006,5,'lab3','normal',to_date('18-OCT-2013','DD-MON-YYYY'),to_date('18-OCT-2013','DD-MON-YYYY')+7);
INSERT INTO test_record VALUES(250,4,2006,5,'lab4','normal',to_date('15-JUL-2013','DD-MON-YYYY'),to_date('15-JUL-2013','DD-MON-YYYY')+9);
INSERT INTO test_record VALUES(251,4,2006,5,'lab5','abnormal',to_date('11-DEC-2013','DD-MON-YYYY'),to_date('11-DEC-2013','DD-MON-YYYY')+8);
INSERT INTO test_record VALUES(252,4,2006,5,'lab3','normal',to_date('10-APR-2013','DD-MON-YYYY'),to_date('10-APR-2013','DD-MON-YYYY')+11);
INSERT INTO test_record VALUES(253,4,2006,5,'lab3','normal',to_date('21-NOV-2013','DD-MON-YYYY'),to_date('21-NOV-2013','DD-MON-YYYY')+9);
INSERT INTO test_record VALUES(254,4,2006,5,'lab5','normal',to_date('21-OCT-2013','DD-MON-YYYY'),to_date('21-OCT-2013','DD-MON-YYYY')+9);
INSERT INTO test_record VALUES(255,4,2006,5,'lab5','abnormal',to_date('2-AUG-2013','DD-MON-YYYY'),to_date('2-AUG-2013','DD-MON-YYYY')+11);
INSERT INTO test_record VALUES(256,4,2006,5,'lab3','abnormal',to_date('9-JUL-2013','DD-MON-YYYY'),to_date('9-JUL-2013','DD-MON-YYYY')+9);
INSERT INTO test_record VALUES(257,4,2006,5,'lab6','normal',to_date('12-AUG-2013','DD-MON-YYYY'),to_date('12-AUG-2013','DD-MON-YYYY')+10);
INSERT INTO test_record VALUES(258,4,2006,5,'lab3','normal',to_date('26-JUN-2013','DD-MON-YYYY'),to_date('26-JUN-2013','DD-MON-YYYY')+8);
INSERT INTO test_record VALUES(259,4,2006,5,'lab3','normal',to_date('22-OCT-2013','DD-MON-YYYY'),to_date('22-OCT-2013','DD-MON-YYYY')+7);
INSERT INTO test_record VALUES(260,4,2006,5,'lab7','normal',to_date('11-FEB-2013','DD-MON-YYYY'),to_date('11-FEB-2013','DD-MON-YYYY')+8);
INSERT INTO test_record VALUES(261,4,2006,5,'lab7','normal',to_date('1-SEP-2013','DD-MON-YYYY'),to_date('1-SEP-2013','DD-MON-YYYY')+11);
INSERT INTO test_record VALUES(262,4,2006,5,'lab7','normal',to_date('1-JUL-2013','DD-MON-YYYY'),to_date('1-JUL-2013','DD-MON-YYYY')+12);
INSERT INTO test_record VALUES(263,4,2006,5,'lab7','normal',to_date('6-JUN-2013','DD-MON-YYYY'),to_date('6-JUN-2013','DD-MON-YYYY')+11);
INSERT INTO test_record VALUES(264,4,2006,5,'lab7','abnormal',to_date('11-SEP-2013','DD-MON-YYYY'),to_date('11-SEP-2013','DD-MON-YYYY')+13);
INSERT INTO test_record VALUES(265,4,2006,5,'lab7','normal',to_date('23-FEB-2013','DD-MON-YYYY'),to_date('23-FEB-2013','DD-MON-YYYY')+7);
INSERT INTO test_record VALUES(266,4,2006,5,'lab3','abnormal',to_date('12-JUL-2013','DD-MON-YYYY'),to_date('12-JUL-2013','DD-MON-YYYY')+9);
INSERT INTO test_record VALUES(267,4,2006,5,'lab4','normal',to_date('21-JUN-2013','DD-MON-YYYY'),to_date('21-JUN-2013','DD-MON-YYYY')+9);
INSERT INTO test_record VALUES(268,4,2006,5,'lab3','normal',to_date('4-JUN-2013','DD-MON-YYYY'),to_date('4-JUN-2013','DD-MON-YYYY')+7);
INSERT INTO test_record VALUES(269,4,2006,5,'lab4','abnormal',to_date('12-MAY-2013','DD-MON-YYYY'),to_date('12-MAY-2013','DD-MON-YYYY')+11);
INSERT INTO test_record VALUES(270,4,2006,5,'lab4','normal',to_date('17-FEB-2013','DD-MON-YYYY'),to_date('17-FEB-2013','DD-MON-YYYY')+7);
INSERT INTO test_record VALUES(271,4,2006,5,'lab7','normal',to_date('4-FEB-2013','DD-MON-YYYY'),to_date('4-FEB-2013','DD-MON-YYYY')+13);
INSERT INTO test_record VALUES(272,4,2006,5,'lab6','normal',to_date('18-JUN-2013','DD-MON-YYYY'),to_date('18-JUN-2013','DD-MON-YYYY')+13);
INSERT INTO test_record VALUES(273,4,2006,5,'lab3','abnormal',to_date('17-JUN-2013','DD-MON-YYYY'),to_date('17-JUN-2013','DD-MON-YYYY')+10);
INSERT INTO test_record VALUES(274,4,2006,5,'lab7','normal',to_date('7-FEB-2013','DD-MON-YYYY'),to_date('7-FEB-2013','DD-MON-YYYY')+11);
INSERT INTO test_record VALUES(275,4,2006,5,'lab3','normal',to_date('18-APR-2013','DD-MON-YYYY'),to_date('18-APR-2013','DD-MON-YYYY')+7);
INSERT INTO test_record VALUES(276,4,2006,5,'lab5','normal',to_date('16-NOV-2013','DD-MON-YYYY'),to_date('16-NOV-2013','DD-MON-YYYY')+8);
INSERT INTO test_record VALUES(277,4,2006,5,'lab7','normal',to_date('19-SEP-2013','DD-MON-YYYY'),to_date('19-SEP-2013','DD-MON-YYYY')+11);
INSERT INTO test_record VALUES(278,4,2006,5,'lab5','normal',to_date('21-FEB-2013','DD-MON-YYYY'),to_date('21-FEB-2013','DD-MON-YYYY')+9);
INSERT INTO test_record VALUES(279,4,2006,5,'lab3','normal',to_date('8-MAY-2013','DD-MON-YYYY'),to_date('8-MAY-2013','DD-MON-YYYY')+13);
INSERT INTO test_record VALUES(280,4,2006,5,'lab5','abnormal',to_date('13-MAY-2013','DD-MON-YYYY'),to_date('13-MAY-2013','DD-MON-YYYY')+7);
INSERT INTO test_record VALUES(281,4,2006,5,'lab3','normal',to_date('4-JUN-2013','DD-MON-YYYY'),to_date('4-JUN-2013','DD-MON-YYYY')+8);
INSERT INTO test_record VALUES(282,4,2006,5,'lab4','normal',to_date('22-OCT-2013','DD-MON-YYYY'),to_date('22-OCT-2013','DD-MON-YYYY')+7);
INSERT INTO test_record VALUES(283,4,2006,5,'lab4','normal',to_date('7-DEC-2013','DD-MON-YYYY'),to_date('7-DEC-2013','DD-MON-YYYY')+11);
INSERT INTO test_record VALUES(284,4,2006,5,'lab4','normal',to_date('7-DEC-2013','DD-MON-YYYY'),to_date('7-DEC-2013','DD-MON-YYYY')+12);
INSERT INTO test_record VALUES(285,4,2006,5,'lab5','normal',to_date('18-DEC-2013','DD-MON-YYYY'),to_date('18-DEC-2013','DD-MON-YYYY')+12);
INSERT INTO test_record VALUES(286,4,2006,5,'lab3','normal',to_date('10-SEP-2013','DD-MON-YYYY'),to_date('10-SEP-2013','DD-MON-YYYY')+10);
INSERT INTO test_record VALUES(287,4,2006,5,'lab5','normal',to_date('3-JUL-2013','DD-MON-YYYY'),to_date('3-JUL-2013','DD-MON-YYYY')+13);
INSERT INTO test_record VALUES(288,4,2006,5,'lab6','normal',to_date('4-FEB-2013','DD-MON-YYYY'),to_date('4-FEB-2013','DD-MON-YYYY')+9);
INSERT INTO test_record VALUES(289,4,2006,5,'lab4','normal',to_date('19-OCT-2013','DD-MON-YYYY'),to_date('19-OCT-2013','DD-MON-YYYY')+7);
INSERT INTO test_record VALUES(290,4,2006,5,'lab3','normal',to_date('10-MAY-2013','DD-MON-YYYY'),to_date('10-MAY-2013','DD-MON-YYYY')+8);
INSERT INTO test_record VALUES(291,4,2006,5,'lab5','abnormal',to_date('25-AUG-2013','DD-MON-YYYY'),to_date('25-AUG-2013','DD-MON-YYYY')+12);
INSERT INTO test_record VALUES(292,4,2006,5,'lab3','abnormal',to_date('6-MAR-2013','DD-MON-YYYY'),to_date('6-MAR-2013','DD-MON-YYYY')+7);
INSERT INTO test_record VALUES(293,4,2006,5,'lab5','normal',to_date('8-DEC-2013','DD-MON-YYYY'),to_date('8-DEC-2013','DD-MON-YYYY')+11);
INSERT INTO test_record VALUES(294,4,2006,5,'lab3','normal',to_date('15-NOV-2013','DD-MON-YYYY'),to_date('15-NOV-2013','DD-MON-YYYY')+9);
INSERT INTO test_record VALUES(295,4,2006,5,'lab3','abnormal',to_date('18-AUG-2013','DD-MON-YYYY'),to_date('18-AUG-2013','DD-MON-YYYY')+7);
INSERT INTO test_record VALUES(296,4,2006,5,'lab6','normal',to_date('6-SEP-2013','DD-MON-YYYY'),to_date('6-SEP-2013','DD-MON-YYYY')+12);
INSERT INTO test_record VALUES(297,4,2006,5,'lab6','normal',to_date('21-JUN-2013','DD-MON-YYYY'),to_date('21-JUN-2013','DD-MON-YYYY')+9);
INSERT INTO test_record VALUES(298,4,2006,5,'lab6','normal',to_date('5-OCT-2013','DD-MON-YYYY'),to_date('5-OCT-2013','DD-MON-YYYY')+11);
INSERT INTO test_record VALUES(299,4,2006,5,'lab4','normal',to_date('18-NOV-2013','DD-MON-YYYY'),to_date('18-NOV-2013','DD-MON-YYYY')+9);
INSERT INTO test_record VALUES(300,4,2006,5,'lab5','normal',to_date('9-DEC-2013','DD-MON-YYYY'),to_date('9-DEC-2013','DD-MON-YYYY')+8);
INSERT INTO test_record VALUES(301,4,2006,5,'lab6','normal',to_date('12-JUN-2013','DD-MON-YYYY'),to_date('12-JUN-2013','DD-MON-YYYY')+12);
INSERT INTO test_record VALUES(302,4,2006,5,'lab6','normal',to_date('24-AUG-2013','DD-MON-YYYY'),to_date('24-AUG-2013','DD-MON-YYYY')+8);
INSERT INTO test_record VALUES(303,4,2006,5,'lab3','abnormal',to_date('17-MAR-2013','DD-MON-YYYY'),to_date('17-MAR-2013','DD-MON-YYYY')+13);
INSERT INTO test_record VALUES(304,4,2006,5,'lab4','abnormal',to_date('19-FEB-2013','DD-MON-YYYY'),to_date('19-FEB-2013','DD-MON-YYYY')+12);
INSERT INTO test_record VALUES(305,4,2006,5,'lab6','abnormal',to_date('18-JUL-2013','DD-MON-YYYY'),to_date('18-JUL-2013','DD-MON-YYYY')+7);
INSERT INTO test_record VALUES(306,4,2006,5,'lab5','normal',to_date('21-JUN-2013','DD-MON-YYYY'),to_date('21-JUN-2013','DD-MON-YYYY')+10);
INSERT INTO test_record VALUES(307,4,2006,5,'lab6','normal',to_date('11-OCT-2013','DD-MON-YYYY'),to_date('11-OCT-2013','DD-MON-YYYY')+8);
INSERT INTO test_record VALUES(308,4,2006,5,'lab6','normal',to_date('7-APR-2013','DD-MON-YYYY'),to_date('7-APR-2013','DD-MON-YYYY')+10);
INSERT INTO test_record VALUES(309,4,2006,5,'lab4','normal',to_date('4-APR-2013','DD-MON-YYYY'),to_date('4-APR-2013','DD-MON-YYYY')+7);
INSERT INTO test_record VALUES(310,4,2006,5,'lab6','normal',to_date('3-SEP-2013','DD-MON-YYYY'),to_date('3-SEP-2013','DD-MON-YYYY')+8);
INSERT INTO test_record VALUES(311,4,2006,5,'lab5','normal',to_date('11-DEC-2013','DD-MON-YYYY'),to_date('11-DEC-2013','DD-MON-YYYY')+13);
INSERT INTO test_record VALUES(312,4,2006,5,'lab4','normal',to_date('1-SEP-2013','DD-MON-YYYY'),to_date('1-SEP-2013','DD-MON-YYYY')+9);
INSERT INTO test_record VALUES(313,4,2006,5,'lab3','normal',to_date('14-MAY-2013','DD-MON-YYYY'),to_date('14-MAY-2013','DD-MON-YYYY')+7);
INSERT INTO test_record VALUES(314,4,2006,5,'lab6','abnormal',to_date('17-JUL-2013','DD-MON-YYYY'),to_date('17-JUL-2013','DD-MON-YYYY')+7);
INSERT INTO test_record VALUES(315,4,2006,5,'lab7','normal',to_date('21-APR-2013','DD-MON-YYYY'),to_date('21-APR-2013','DD-MON-YYYY')+11);
INSERT INTO test_record VALUES(316,4,2006,5,'lab7','abnormal',to_date('21-NOV-2013','DD-MON-YYYY'),to_date('21-NOV-2013','DD-MON-YYYY')+7);
INSERT INTO test_record VALUES(317,4,2006,5,'lab7','abnormal',to_date('3-FEB-2013','DD-MON-YYYY'),to_date('3-FEB-2013','DD-MON-YYYY')+13);
INSERT INTO test_record VALUES(318,4,2006,5,'lab6','normal',to_date('22-FEB-2013','DD-MON-YYYY'),to_date('22-FEB-2013','DD-MON-YYYY')+8);
INSERT INTO test_record VALUES(319,4,2006,5,'lab4','normal',to_date('16-AUG-2013','DD-MON-YYYY'),to_date('16-AUG-2013','DD-MON-YYYY')+12);
INSERT INTO test_record VALUES(320,4,2006,5,'lab3','normal',to_date('26-DEC-2013','DD-MON-YYYY'),to_date('26-DEC-2013','DD-MON-YYYY')+9);
INSERT INTO test_record VALUES(321,4,2006,5,'lab7','normal',to_date('10-MAY-2013','DD-MON-YYYY'),to_date('10-MAY-2013','DD-MON-YYYY')+7);
INSERT INTO patient VALUES(2007,'Delphine Poehl','6316-45 AV Edmonton, AB G1D 1C3',to_date('2-AUG-1999','DD-MON-YYYY'),'4031573150');
INSERT INTO not_allowed VALUES(2007,3);
INSERT INTO test_record VALUES(322,4,2007,5,'lab4','normal',to_date('7-MAR-2013','DD-MON-YYYY'),to_date('7-MAR-2013','DD-MON-YYYY')+9);
INSERT INTO test_record VALUES(323,4,2007,5,'lab5','normal',to_date('14-JUL-2013','DD-MON-YYYY'),to_date('14-JUL-2013','DD-MON-YYYY')+7);
INSERT INTO test_record VALUES(324,4,2007,5,'lab6','normal',to_date('27-DEC-2013','DD-MON-YYYY'),to_date('27-DEC-2013','DD-MON-YYYY')+8);
INSERT INTO test_record VALUES(325,4,2007,5,'lab6','normal',to_date('4-OCT-2013','DD-MON-YYYY'),to_date('4-OCT-2013','DD-MON-YYYY')+8);
INSERT INTO test_record VALUES(326,4,2007,5,'lab3','normal',to_date('22-JUL-2013','DD-MON-YYYY'),to_date('22-JUL-2013','DD-MON-YYYY')+8);
INSERT INTO test_record VALUES(327,4,2007,5,'lab4','normal',to_date('3-AUG-2013','DD-MON-YYYY'),to_date('3-AUG-2013','DD-MON-YYYY')+8);
INSERT INTO test_record VALUES(328,4,2007,5,'lab7','normal',to_date('3-JUN-2013','DD-MON-YYYY'),to_date('3-JUN-2013','DD-MON-YYYY')+10);
INSERT INTO test_record VALUES(329,4,2007,5,'lab5','normal',to_date('7-SEP-2013','DD-MON-YYYY'),to_date('7-SEP-2013','DD-MON-YYYY')+13);
INSERT INTO test_record VALUES(330,4,2007,5,'lab4','normal',to_date('13-NOV-2013','DD-MON-YYYY'),to_date('13-NOV-2013','DD-MON-YYYY')+7);
INSERT INTO test_record VALUES(331,4,2007,5,'lab7','normal',to_date('11-JUL-2013','DD-MON-YYYY'),to_date('11-JUL-2013','DD-MON-YYYY')+8);
INSERT INTO test_record VALUES(332,4,2007,5,'lab5','normal',to_date('2-NOV-2013','DD-MON-YYYY'),to_date('2-NOV-2013','DD-MON-YYYY')+13);
INSERT INTO test_record VALUES(333,4,2007,5,'lab7','normal',to_date('26-DEC-2013','DD-MON-YYYY'),to_date('26-DEC-2013','DD-MON-YYYY')+11);
INSERT INTO test_record VALUES(334,4,2007,5,'lab3','normal',to_date('23-SEP-2013','DD-MON-YYYY'),to_date('23-SEP-2013','DD-MON-YYYY')+11);
INSERT INTO test_record VALUES(335,4,2007,5,'lab4','abnormal',to_date('27-APR-2013','DD-MON-YYYY'),to_date('27-APR-2013','DD-MON-YYYY')+13);
INSERT INTO test_record VALUES(336,4,2007,5,'lab3','abnormal',to_date('23-MAY-2013','DD-MON-YYYY'),to_date('23-MAY-2013','DD-MON-YYYY')+7);
INSERT INTO test_record VALUES(337,4,2007,5,'lab5','abnormal',to_date('18-AUG-2013','DD-MON-YYYY'),to_date('18-AUG-2013','DD-MON-YYYY')+11);
INSERT INTO test_record VALUES(338,4,2007,5,'lab4','normal',to_date('20-MAR-2013','DD-MON-YYYY'),to_date('20-MAR-2013','DD-MON-YYYY')+12);
INSERT INTO test_record VALUES(339,4,2007,5,'lab6','abnormal',to_date('14-JUL-2013','DD-MON-YYYY'),to_date('14-JUL-2013','DD-MON-YYYY')+9);
INSERT INTO test_record VALUES(340,4,2007,5,'lab6','normal',to_date('5-APR-2013','DD-MON-YYYY'),to_date('5-APR-2013','DD-MON-YYYY')+9);
INSERT INTO test_record VALUES(341,4,2007,5,'lab5','normal',to_date('22-NOV-2013','DD-MON-YYYY'),to_date('22-NOV-2013','DD-MON-YYYY')+13);
INSERT INTO test_record VALUES(342,4,2007,5,'lab5','abnormal',to_date('26-JUL-2013','DD-MON-YYYY'),to_date('26-JUL-2013','DD-MON-YYYY')+13);
INSERT INTO test_record VALUES(343,4,2007,5,'lab6','normal',to_date('17-MAR-2013','DD-MON-YYYY'),to_date('17-MAR-2013','DD-MON-YYYY')+7);
INSERT INTO test_record VALUES(344,4,2007,5,'lab4','normal',to_date('10-NOV-2013','DD-MON-YYYY'),to_date('10-NOV-2013','DD-MON-YYYY')+10);
INSERT INTO test_record VALUES(345,4,2007,5,'lab3','normal',to_date('13-AUG-2013','DD-MON-YYYY'),to_date('13-AUG-2013','DD-MON-YYYY')+8);
INSERT INTO test_record VALUES(346,4,2007,5,'lab6','abnormal',to_date('2-JUL-2013','DD-MON-YYYY'),to_date('2-JUL-2013','DD-MON-YYYY')+12);
INSERT INTO test_record VALUES(347,4,2007,5,'lab4','normal',to_date('9-JUN-2013','DD-MON-YYYY'),to_date('9-JUN-2013','DD-MON-YYYY')+9);
INSERT INTO test_record VALUES(348,4,2007,5,'lab3','normal',to_date('18-OCT-2013','DD-MON-YYYY'),to_date('18-OCT-2013','DD-MON-YYYY')+9);
INSERT INTO test_record VALUES(349,4,2007,5,'lab7','normal',to_date('19-FEB-2013','DD-MON-YYYY'),to_date('19-FEB-2013','DD-MON-YYYY')+8);
INSERT INTO test_record VALUES(350,4,2007,5,'lab7','normal',to_date('10-APR-2013','DD-MON-YYYY'),to_date('10-APR-2013','DD-MON-YYYY')+9);
INSERT INTO test_record VALUES(351,4,2007,5,'lab6','normal',to_date('20-DEC-2013','DD-MON-YYYY'),to_date('20-DEC-2013','DD-MON-YYYY')+13);
INSERT INTO test_record VALUES(352,4,2007,5,'lab4','abnormal',to_date('9-MAR-2013','DD-MON-YYYY'),to_date('9-MAR-2013','DD-MON-YYYY')+7);
INSERT INTO test_record VALUES(353,4,2007,5,'lab5','normal',to_date('27-AUG-2013','DD-MON-YYYY'),to_date('27-AUG-2013','DD-MON-YYYY')+9);
INSERT INTO test_record VALUES(354,4,2007,5,'lab3','normal',to_date('18-DEC-2013','DD-MON-YYYY'),to_date('18-DEC-2013','DD-MON-YYYY')+11);
INSERT INTO test_record VALUES(355,4,2007,5,'lab5','normal',to_date('13-FEB-2013','DD-MON-YYYY'),to_date('13-FEB-2013','DD-MON-YYYY')+12);
INSERT INTO test_record VALUES(356,4,2007,5,'lab3','normal',to_date('15-DEC-2013','DD-MON-YYYY'),to_date('15-DEC-2013','DD-MON-YYYY')+7);
INSERT INTO test_record VALUES(357,4,2007,5,'lab6','normal',to_date('24-AUG-2013','DD-MON-YYYY'),to_date('24-AUG-2013','DD-MON-YYYY')+7);
INSERT INTO test_record VALUES(358,4,2007,5,'lab7','normal',to_date('9-JUN-2013','DD-MON-YYYY'),to_date('9-JUN-2013','DD-MON-YYYY')+9);
INSERT INTO test_record VALUES(359,4,2007,5,'lab4','normal',to_date('25-MAY-2013','DD-MON-YYYY'),to_date('25-MAY-2013','DD-MON-YYYY')+9);
INSERT INTO test_record VALUES(360,4,2007,5,'lab7','normal',to_date('22-JUL-2013','DD-MON-YYYY'),to_date('22-JUL-2013','DD-MON-YYYY')+8);
INSERT INTO test_record VALUES(361,4,2007,5,'lab3','normal',to_date('23-SEP-2013','DD-MON-YYYY'),to_date('23-SEP-2013','DD-MON-YYYY')+8);
INSERT INTO test_record VALUES(362,4,2007,5,'lab3','normal',to_date('15-APR-2013','DD-MON-YYYY'),to_date('15-APR-2013','DD-MON-YYYY')+13);
INSERT INTO test_record VALUES(363,4,2007,5,'lab4','normal',to_date('8-AUG-2013','DD-MON-YYYY'),to_date('8-AUG-2013','DD-MON-YYYY')+13);
INSERT INTO test_record VALUES(364,4,2007,5,'lab5','normal',to_date('27-DEC-2013','DD-MON-YYYY'),to_date('27-DEC-2013','DD-MON-YYYY')+13);
INSERT INTO test_record VALUES(365,4,2007,5,'lab7','normal',to_date('4-AUG-2013','DD-MON-YYYY'),to_date('4-AUG-2013','DD-MON-YYYY')+7);
INSERT INTO test_record VALUES(366,4,2007,5,'lab5','normal',to_date('20-OCT-2013','DD-MON-YYYY'),to_date('20-OCT-2013','DD-MON-YYYY')+10);
INSERT INTO test_record VALUES(367,4,2007,5,'lab6','normal',to_date('6-JUL-2013','DD-MON-YYYY'),to_date('6-JUL-2013','DD-MON-YYYY')+10);
INSERT INTO test_record VALUES(368,4,2007,5,'lab7','normal',to_date('10-OCT-2013','DD-MON-YYYY'),to_date('10-OCT-2013','DD-MON-YYYY')+12);
INSERT INTO test_record VALUES(369,4,2007,5,'lab6','normal',to_date('25-NOV-2013','DD-MON-YYYY'),to_date('25-NOV-2013','DD-MON-YYYY')+9);
INSERT INTO test_record VALUES(370,4,2007,5,'lab3','normal',to_date('9-DEC-2013','DD-MON-YYYY'),to_date('9-DEC-2013','DD-MON-YYYY')+11);
INSERT INTO test_record VALUES(371,4,2007,5,'lab6','abnormal',to_date('24-AUG-2013','DD-MON-YYYY'),to_date('24-AUG-2013','DD-MON-YYYY')+9);
INSERT INTO test_record VALUES(372,4,2007,5,'lab7','normal',to_date('19-DEC-2013','DD-MON-YYYY'),to_date('19-DEC-2013','DD-MON-YYYY')+8);
INSERT INTO test_record VALUES(373,4,2007,5,'lab3','normal',to_date('6-APR-2013','DD-MON-YYYY'),to_date('6-APR-2013','DD-MON-YYYY')+11);
INSERT INTO test_record VALUES(374,4,2007,5,'lab6','normal',to_date('24-JUN-2013','DD-MON-YYYY'),to_date('24-JUN-2013','DD-MON-YYYY')+13);
INSERT INTO test_record VALUES(375,4,2007,5,'lab4','normal',to_date('4-NOV-2013','DD-MON-YYYY'),to_date('4-NOV-2013','DD-MON-YYYY')+13);
INSERT INTO test_record VALUES(376,4,2007,5,'lab7','normal',to_date('5-SEP-2013','DD-MON-YYYY'),to_date('5-SEP-2013','DD-MON-YYYY')+7);
INSERT INTO test_record VALUES(377,4,2007,5,'lab5','normal',to_date('19-MAR-2013','DD-MON-YYYY'),to_date('19-MAR-2013','DD-MON-YYYY')+12);
INSERT INTO test_record VALUES(378,4,2007,5,'lab7','normal',to_date('17-FEB-2013','DD-MON-YYYY'),to_date('17-FEB-2013','DD-MON-YYYY')+13);
INSERT INTO test_record VALUES(379,4,2007,5,'lab6','normal',to_date('11-JUL-2013','DD-MON-YYYY'),to_date('11-JUL-2013','DD-MON-YYYY')+8);
INSERT INTO test_record VALUES(380,4,2007,5,'lab3','normal',to_date('27-JUN-2013','DD-MON-YYYY'),to_date('27-JUN-2013','DD-MON-YYYY')+13);
INSERT INTO test_record VALUES(381,4,2007,5,'lab5','normal',to_date('1-AUG-2013','DD-MON-YYYY'),to_date('1-AUG-2013','DD-MON-YYYY')+8);
INSERT INTO test_record VALUES(382,4,2007,5,'lab7','normal',to_date('2-NOV-2013','DD-MON-YYYY'),to_date('2-NOV-2013','DD-MON-YYYY')+13);
INSERT INTO test_record VALUES(383,4,2007,5,'lab7','normal',to_date('25-DEC-2013','DD-MON-YYYY'),to_date('25-DEC-2013','DD-MON-YYYY')+9);
INSERT INTO test_record VALUES(384,4,2007,5,'lab3','normal',to_date('4-JUN-2013','DD-MON-YYYY'),to_date('4-JUN-2013','DD-MON-YYYY')+7);
INSERT INTO test_record VALUES(385,4,2007,5,'lab7','normal',to_date('8-NOV-2013','DD-MON-YYYY'),to_date('8-NOV-2013','DD-MON-YYYY')+9);
INSERT INTO test_record VALUES(386,4,2007,5,'lab6','normal',to_date('3-FEB-2013','DD-MON-YYYY'),to_date('3-FEB-2013','DD-MON-YYYY')+12);
INSERT INTO test_record VALUES(387,4,2007,5,'lab7','normal',to_date('2-APR-2013','DD-MON-YYYY'),to_date('2-APR-2013','DD-MON-YYYY')+8);
INSERT INTO test_record VALUES(388,4,2007,5,'lab7','normal',to_date('19-AUG-2013','DD-MON-YYYY'),to_date('19-AUG-2013','DD-MON-YYYY')+13);
INSERT INTO test_record VALUES(389,4,2007,5,'lab3','normal',to_date('9-NOV-2013','DD-MON-YYYY'),to_date('9-NOV-2013','DD-MON-YYYY')+7);
INSERT INTO test_record VALUES(390,4,2007,5,'lab5','normal',to_date('17-FEB-2013','DD-MON-YYYY'),to_date('17-FEB-2013','DD-MON-YYYY')+9);
INSERT INTO test_record VALUES(391,4,2007,5,'lab6','normal',to_date('8-JUN-2013','DD-MON-YYYY'),to_date('8-JUN-2013','DD-MON-YYYY')+9);
INSERT INTO test_record VALUES(392,4,2007,5,'lab3','abnormal',to_date('13-SEP-2013','DD-MON-YYYY'),to_date('13-SEP-2013','DD-MON-YYYY')+10);
INSERT INTO test_record VALUES(393,4,2007,5,'lab7','normal',to_date('16-JUL-2013','DD-MON-YYYY'),to_date('16-JUL-2013','DD-MON-YYYY')+9);
INSERT INTO test_record VALUES(394,4,2007,5,'lab6','normal',to_date('27-JUL-2013','DD-MON-YYYY'),to_date('27-JUL-2013','DD-MON-YYYY')+10);
INSERT INTO test_record VALUES(395,4,2007,5,'lab5','normal',to_date('20-JUN-2013','DD-MON-YYYY'),to_date('20-JUN-2013','DD-MON-YYYY')+10);
INSERT INTO test_record VALUES(396,4,2007,5,'lab7','normal',to_date('5-JUN-2013','DD-MON-YYYY'),to_date('5-JUN-2013','DD-MON-YYYY')+13);
INSERT INTO test_record VALUES(397,4,2007,5,'lab3','normal',to_date('19-FEB-2013','DD-MON-YYYY'),to_date('19-FEB-2013','DD-MON-YYYY')+11);
INSERT INTO test_record VALUES(398,4,2007,5,'lab6','normal',to_date('5-NOV-2013','DD-MON-YYYY'),to_date('5-NOV-2013','DD-MON-YYYY')+11);
INSERT INTO test_record VALUES(399,4,2007,5,'lab5','normal',to_date('20-AUG-2013','DD-MON-YYYY'),to_date('20-AUG-2013','DD-MON-YYYY')+11);
INSERT INTO test_record VALUES(400,4,2007,5,'lab6','normal',to_date('16-JUN-2013','DD-MON-YYYY'),to_date('16-JUN-2013','DD-MON-YYYY')+7);
INSERT INTO test_record VALUES(401,4,2007,5,'lab4','normal',to_date('6-JUN-2013','DD-MON-YYYY'),to_date('6-JUN-2013','DD-MON-YYYY')+11);
INSERT INTO test_record VALUES(402,4,2007,5,'lab7','abnormal',to_date('25-JUL-2013','DD-MON-YYYY'),to_date('25-JUL-2013','DD-MON-YYYY')+11);
INSERT INTO test_record VALUES(403,4,2007,5,'lab5','abnormal',to_date('15-MAR-2013','DD-MON-YYYY'),to_date('15-MAR-2013','DD-MON-YYYY')+8);
INSERT INTO test_record VALUES(404,4,2007,5,'lab6','abnormal',to_date('8-NOV-2013','DD-MON-YYYY'),to_date('8-NOV-2013','DD-MON-YYYY')+9);
INSERT INTO test_record VALUES(405,4,2007,5,'lab3','normal',to_date('8-OCT-2013','DD-MON-YYYY'),to_date('8-OCT-2013','DD-MON-YYYY')+11);
INSERT INTO test_record VALUES(406,4,2007,5,'lab3','normal',to_date('16-SEP-2013','DD-MON-YYYY'),to_date('16-SEP-2013','DD-MON-YYYY')+10);
INSERT INTO test_record VALUES(407,4,2007,5,'lab4','normal',to_date('18-APR-2013','DD-MON-YYYY'),to_date('18-APR-2013','DD-MON-YYYY')+9);
INSERT INTO test_record VALUES(408,4,2007,5,'lab5','normal',to_date('5-OCT-2013','DD-MON-YYYY'),to_date('5-OCT-2013','DD-MON-YYYY')+12);
INSERT INTO test_record VALUES(409,4,2007,5,'lab3','normal',to_date('15-MAR-2013','DD-MON-YYYY'),to_date('15-MAR-2013','DD-MON-YYYY')+7);
INSERT INTO test_record VALUES(410,4,2007,5,'lab3','normal',to_date('27-APR-2013','DD-MON-YYYY'),to_date('27-APR-2013','DD-MON-YYYY')+9);
INSERT INTO test_record VALUES(411,4,2007,5,'lab7','normal',to_date('23-AUG-2013','DD-MON-YYYY'),to_date('23-AUG-2013','DD-MON-YYYY')+7);
INSERT INTO test_record VALUES(412,4,2007,5,'lab4','normal',to_date('9-JUL-2013','DD-MON-YYYY'),to_date('9-JUL-2013','DD-MON-YYYY')+12);
INSERT INTO test_record VALUES(413,4,2007,5,'lab6','abnormal',to_date('26-JUL-2013','DD-MON-YYYY'),to_date('26-JUL-2013','DD-MON-YYYY')+13);
INSERT INTO test_record VALUES(414,4,2007,5,'lab6','normal',to_date('15-NOV-2013','DD-MON-YYYY'),to_date('15-NOV-2013','DD-MON-YYYY')+7);
INSERT INTO test_record VALUES(415,4,2007,5,'lab5','normal',to_date('3-FEB-2013','DD-MON-YYYY'),to_date('3-FEB-2013','DD-MON-YYYY')+8);
INSERT INTO test_record VALUES(416,4,2007,5,'lab3','normal',to_date('16-NOV-2013','DD-MON-YYYY'),to_date('16-NOV-2013','DD-MON-YYYY')+9);
INSERT INTO test_record VALUES(417,4,2007,5,'lab3','normal',to_date('18-JUN-2013','DD-MON-YYYY'),to_date('18-JUN-2013','DD-MON-YYYY')+13);
INSERT INTO test_record VALUES(418,4,2007,5,'lab3','normal',to_date('20-DEC-2013','DD-MON-YYYY'),to_date('20-DEC-2013','DD-MON-YYYY')+9);
INSERT INTO test_record VALUES(419,4,2007,5,'lab3','normal',to_date('14-JUN-2013','DD-MON-YYYY'),to_date('14-JUN-2013','DD-MON-YYYY')+10);
INSERT INTO test_record VALUES(420,4,2007,5,'lab7','normal',to_date('10-APR-2013','DD-MON-YYYY'),to_date('10-APR-2013','DD-MON-YYYY')+11);
INSERT INTO test_record VALUES(421,4,2007,5,'lab4','normal',to_date('23-APR-2013','DD-MON-YYYY'),to_date('23-APR-2013','DD-MON-YYYY')+10);
INSERT INTO patient VALUES(2008,'Josefa Stanfield','2119-28 AV Edmonton, AB V6U 7O8',to_date('6-DEC-1988','DD-MON-YYYY'),'4031807939');
INSERT INTO not_allowed VALUES(2008,3);
INSERT INTO test_record VALUES(422,4,2008,5,'lab5','normal',to_date('25-FEB-2013','DD-MON-YYYY'),to_date('25-FEB-2013','DD-MON-YYYY')+9);
INSERT INTO test_record VALUES(423,4,2008,5,'lab6','normal',to_date('16-APR-2013','DD-MON-YYYY'),to_date('16-APR-2013','DD-MON-YYYY')+7);
INSERT INTO test_record VALUES(424,4,2008,5,'lab3','normal',to_date('21-JUL-2013','DD-MON-YYYY'),to_date('21-JUL-2013','DD-MON-YYYY')+7);
INSERT INTO test_record VALUES(425,4,2008,5,'lab4','normal',to_date('21-NOV-2013','DD-MON-YYYY'),to_date('21-NOV-2013','DD-MON-YYYY')+12);
INSERT INTO test_record VALUES(426,4,2008,5,'lab4','normal',to_date('9-DEC-2013','DD-MON-YYYY'),to_date('9-DEC-2013','DD-MON-YYYY')+11);
INSERT INTO test_record VALUES(427,4,2008,5,'lab7','normal',to_date('5-OCT-2013','DD-MON-YYYY'),to_date('5-OCT-2013','DD-MON-YYYY')+12);
INSERT INTO test_record VALUES(428,4,2008,5,'lab7','normal',to_date('1-JUL-2013','DD-MON-YYYY'),to_date('1-JUL-2013','DD-MON-YYYY')+11);
INSERT INTO test_record VALUES(429,4,2008,5,'lab3','normal',to_date('15-SEP-2013','DD-MON-YYYY'),to_date('15-SEP-2013','DD-MON-YYYY')+8);
INSERT INTO test_record VALUES(430,4,2008,5,'lab4','normal',to_date('9-NOV-2013','DD-MON-YYYY'),to_date('9-NOV-2013','DD-MON-YYYY')+13);
INSERT INTO test_record VALUES(431,4,2008,5,'lab4','normal',to_date('16-FEB-2013','DD-MON-YYYY'),to_date('16-FEB-2013','DD-MON-YYYY')+7);
INSERT INTO test_record VALUES(432,4,2008,5,'lab4','normal',to_date('9-NOV-2013','DD-MON-YYYY'),to_date('9-NOV-2013','DD-MON-YYYY')+11);
INSERT INTO test_record VALUES(433,4,2008,5,'lab3','abnormal',to_date('26-FEB-2013','DD-MON-YYYY'),to_date('26-FEB-2013','DD-MON-YYYY')+13);
INSERT INTO test_record VALUES(434,4,2008,5,'lab3','abnormal',to_date('5-MAY-2013','DD-MON-YYYY'),to_date('5-MAY-2013','DD-MON-YYYY')+12);
INSERT INTO test_record VALUES(435,4,2008,5,'lab6','normal',to_date('24-NOV-2013','DD-MON-YYYY'),to_date('24-NOV-2013','DD-MON-YYYY')+8);
INSERT INTO test_record VALUES(436,4,2008,5,'lab5','normal',to_date('17-NOV-2013','DD-MON-YYYY'),to_date('17-NOV-2013','DD-MON-YYYY')+8);
INSERT INTO test_record VALUES(437,4,2008,5,'lab6','abnormal',to_date('20-JUL-2013','DD-MON-YYYY'),to_date('20-JUL-2013','DD-MON-YYYY')+12);
INSERT INTO test_record VALUES(438,4,2008,5,'lab6','normal',to_date('7-MAY-2013','DD-MON-YYYY'),to_date('7-MAY-2013','DD-MON-YYYY')+10);
INSERT INTO test_record VALUES(439,4,2008,5,'lab4','normal',to_date('20-OCT-2013','DD-MON-YYYY'),to_date('20-OCT-2013','DD-MON-YYYY')+9);
INSERT INTO test_record VALUES(440,4,2008,5,'lab5','abnormal',to_date('19-MAY-2013','DD-MON-YYYY'),to_date('19-MAY-2013','DD-MON-YYYY')+9);
INSERT INTO test_record VALUES(441,4,2008,5,'lab6','normal',to_date('10-OCT-2013','DD-MON-YYYY'),to_date('10-OCT-2013','DD-MON-YYYY')+12);
INSERT INTO test_record VALUES(442,4,2008,5,'lab4','normal',to_date('12-OCT-2013','DD-MON-YYYY'),to_date('12-OCT-2013','DD-MON-YYYY')+8);
INSERT INTO test_record VALUES(443,4,2008,5,'lab6','normal',to_date('17-AUG-2013','DD-MON-YYYY'),to_date('17-AUG-2013','DD-MON-YYYY')+8);
INSERT INTO test_record VALUES(444,4,2008,5,'lab3','normal',to_date('8-APR-2013','DD-MON-YYYY'),to_date('8-APR-2013','DD-MON-YYYY')+11);
INSERT INTO test_record VALUES(445,4,2008,5,'lab4','normal',to_date('21-MAR-2013','DD-MON-YYYY'),to_date('21-MAR-2013','DD-MON-YYYY')+13);
INSERT INTO test_record VALUES(446,4,2008,5,'lab4','normal',to_date('25-MAR-2013','DD-MON-YYYY'),to_date('25-MAR-2013','DD-MON-YYYY')+8);
INSERT INTO test_record VALUES(447,4,2008,5,'lab3','normal',to_date('26-JUN-2013','DD-MON-YYYY'),to_date('26-JUN-2013','DD-MON-YYYY')+7);
INSERT INTO test_record VALUES(448,4,2008,5,'lab6','abnormal',to_date('19-NOV-2013','DD-MON-YYYY'),to_date('19-NOV-2013','DD-MON-YYYY')+9);
INSERT INTO test_record VALUES(449,4,2008,5,'lab7','normal',to_date('22-JUL-2013','DD-MON-YYYY'),to_date('22-JUL-2013','DD-MON-YYYY')+12);
INSERT INTO test_record VALUES(450,4,2008,5,'lab3','normal',to_date('19-JUL-2013','DD-MON-YYYY'),to_date('19-JUL-2013','DD-MON-YYYY')+7);
INSERT INTO test_record VALUES(451,4,2008,5,'lab6','normal',to_date('15-SEP-2013','DD-MON-YYYY'),to_date('15-SEP-2013','DD-MON-YYYY')+10);
INSERT INTO test_record VALUES(452,4,2008,5,'lab3','normal',to_date('21-DEC-2013','DD-MON-YYYY'),to_date('21-DEC-2013','DD-MON-YYYY')+9);
INSERT INTO test_record VALUES(453,4,2008,5,'lab5','normal',to_date('24-APR-2013','DD-MON-YYYY'),to_date('24-APR-2013','DD-MON-YYYY')+12);
INSERT INTO test_record VALUES(454,4,2008,5,'lab4','normal',to_date('27-JUL-2013','DD-MON-YYYY'),to_date('27-JUL-2013','DD-MON-YYYY')+8);
INSERT INTO test_record VALUES(455,4,2008,5,'lab5','normal',to_date('18-JUL-2013','DD-MON-YYYY'),to_date('18-JUL-2013','DD-MON-YYYY')+7);
INSERT INTO test_record VALUES(456,4,2008,5,'lab7','normal',to_date('1-MAY-2013','DD-MON-YYYY'),to_date('1-MAY-2013','DD-MON-YYYY')+10);
INSERT INTO test_record VALUES(457,4,2008,5,'lab3','abnormal',to_date('17-MAY-2013','DD-MON-YYYY'),to_date('17-MAY-2013','DD-MON-YYYY')+10);
INSERT INTO test_record VALUES(458,4,2008,5,'lab4','normal',to_date('7-JUN-2013','DD-MON-YYYY'),to_date('7-JUN-2013','DD-MON-YYYY')+7);
INSERT INTO test_record VALUES(459,4,2008,5,'lab6','normal',to_date('9-NOV-2013','DD-MON-YYYY'),to_date('9-NOV-2013','DD-MON-YYYY')+10);
INSERT INTO test_record VALUES(460,4,2008,5,'lab5','normal',to_date('24-JUL-2013','DD-MON-YYYY'),to_date('24-JUL-2013','DD-MON-YYYY')+10);
INSERT INTO test_record VALUES(461,4,2008,5,'lab6','normal',to_date('25-NOV-2013','DD-MON-YYYY'),to_date('25-NOV-2013','DD-MON-YYYY')+9);
INSERT INTO test_record VALUES(462,4,2008,5,'lab6','normal',to_date('15-NOV-2013','DD-MON-YYYY'),to_date('15-NOV-2013','DD-MON-YYYY')+13);
INSERT INTO test_record VALUES(463,4,2008,5,'lab4','normal',to_date('9-MAR-2013','DD-MON-YYYY'),to_date('9-MAR-2013','DD-MON-YYYY')+8);
INSERT INTO test_record VALUES(464,4,2008,5,'lab7','normal',to_date('3-NOV-2013','DD-MON-YYYY'),to_date('3-NOV-2013','DD-MON-YYYY')+13);
INSERT INTO test_record VALUES(465,4,2008,5,'lab6','abnormal',to_date('11-SEP-2013','DD-MON-YYYY'),to_date('11-SEP-2013','DD-MON-YYYY')+9);
INSERT INTO test_record VALUES(466,4,2008,5,'lab5','normal',to_date('21-NOV-2013','DD-MON-YYYY'),to_date('21-NOV-2013','DD-MON-YYYY')+11);
INSERT INTO test_record VALUES(467,4,2008,5,'lab4','normal',to_date('10-OCT-2013','DD-MON-YYYY'),to_date('10-OCT-2013','DD-MON-YYYY')+8);
INSERT INTO test_record VALUES(468,4,2008,5,'lab7','normal',to_date('5-FEB-2013','DD-MON-YYYY'),to_date('5-FEB-2013','DD-MON-YYYY')+12);
INSERT INTO test_record VALUES(469,4,2008,5,'lab5','normal',to_date('1-APR-2013','DD-MON-YYYY'),to_date('1-APR-2013','DD-MON-YYYY')+8);
INSERT INTO test_record VALUES(470,4,2008,5,'lab6','normal',to_date('15-OCT-2013','DD-MON-YYYY'),to_date('15-OCT-2013','DD-MON-YYYY')+11);
INSERT INTO test_record VALUES(471,4,2008,5,'lab3','abnormal',to_date('15-OCT-2013','DD-MON-YYYY'),to_date('15-OCT-2013','DD-MON-YYYY')+10);
INSERT INTO test_record VALUES(472,4,2008,5,'lab5','normal',to_date('16-AUG-2013','DD-MON-YYYY'),to_date('16-AUG-2013','DD-MON-YYYY')+11);
INSERT INTO test_record VALUES(473,4,2008,5,'lab5','abnormal',to_date('8-JUL-2013','DD-MON-YYYY'),to_date('8-JUL-2013','DD-MON-YYYY')+9);
INSERT INTO test_record VALUES(474,4,2008,5,'lab3','normal',to_date('5-OCT-2013','DD-MON-YYYY'),to_date('5-OCT-2013','DD-MON-YYYY')+9);
INSERT INTO test_record VALUES(475,4,2008,5,'lab3','normal',to_date('8-MAR-2013','DD-MON-YYYY'),to_date('8-MAR-2013','DD-MON-YYYY')+11);
INSERT INTO test_record VALUES(476,4,2008,5,'lab6','normal',to_date('18-MAR-2013','DD-MON-YYYY'),to_date('18-MAR-2013','DD-MON-YYYY')+12);
INSERT INTO test_record VALUES(477,4,2008,5,'lab3','normal',to_date('20-JUL-2013','DD-MON-YYYY'),to_date('20-JUL-2013','DD-MON-YYYY')+10);
INSERT INTO test_record VALUES(478,4,2008,5,'lab7','normal',to_date('22-OCT-2013','DD-MON-YYYY'),to_date('22-OCT-2013','DD-MON-YYYY')+9);
INSERT INTO test_record VALUES(479,4,2008,5,'lab6','abnormal',to_date('14-FEB-2013','DD-MON-YYYY'),to_date('14-FEB-2013','DD-MON-YYYY')+12);
INSERT INTO test_record VALUES(480,4,2008,5,'lab5','normal',to_date('3-FEB-2013','DD-MON-YYYY'),to_date('3-FEB-2013','DD-MON-YYYY')+13);
INSERT INTO test_record VALUES(481,4,2008,5,'lab5','normal',to_date('23-AUG-2013','DD-MON-YYYY'),to_date('23-AUG-2013','DD-MON-YYYY')+9);
INSERT INTO test_record VALUES(482,4,2008,5,'lab5','normal',to_date('14-MAY-2013','DD-MON-YYYY'),to_date('14-MAY-2013','DD-MON-YYYY')+12);
INSERT INTO test_record VALUES(483,4,2008,5,'lab7','normal',to_date('5-APR-2013','DD-MON-YYYY'),to_date('5-APR-2013','DD-MON-YYYY')+10);
INSERT INTO test_record VALUES(484,4,2008,5,'lab5','normal',to_date('11-SEP-2013','DD-MON-YYYY'),to_date('11-SEP-2013','DD-MON-YYYY')+13);
INSERT INTO test_record VALUES(485,4,2008,5,'lab5','normal',to_date('26-OCT-2013','DD-MON-YYYY'),to_date('26-OCT-2013','DD-MON-YYYY')+12);
INSERT INTO test_record VALUES(486,4,2008,5,'lab5','normal',to_date('16-FEB-2013','DD-MON-YYYY'),to_date('16-FEB-2013','DD-MON-YYYY')+7);
INSERT INTO test_record VALUES(487,4,2008,5,'lab7','normal',to_date('25-JUL-2013','DD-MON-YYYY'),to_date('25-JUL-2013','DD-MON-YYYY')+13);
INSERT INTO test_record VALUES(488,4,2008,5,'lab6','normal',to_date('13-MAY-2013','DD-MON-YYYY'),to_date('13-MAY-2013','DD-MON-YYYY')+12);
INSERT INTO test_record VALUES(489,4,2008,5,'lab6','normal',to_date('27-DEC-2013','DD-MON-YYYY'),to_date('27-DEC-2013','DD-MON-YYYY')+12);
INSERT INTO test_record VALUES(490,4,2008,5,'lab6','normal',to_date('13-DEC-2013','DD-MON-YYYY'),to_date('13-DEC-2013','DD-MON-YYYY')+12);
INSERT INTO test_record VALUES(491,4,2008,5,'lab4','normal',to_date('12-JUN-2013','DD-MON-YYYY'),to_date('12-JUN-2013','DD-MON-YYYY')+13);
INSERT INTO test_record VALUES(492,4,2008,5,'lab7','abnormal',to_date('2-JUL-2013','DD-MON-YYYY'),to_date('2-JUL-2013','DD-MON-YYYY')+8);
INSERT INTO test_record VALUES(493,4,2008,5,'lab7','normal',to_date('3-JUN-2013','DD-MON-YYYY'),to_date('3-JUN-2013','DD-MON-YYYY')+9);
INSERT INTO test_record VALUES(494,4,2008,5,'lab4','normal',to_date('21-APR-2013','DD-MON-YYYY'),to_date('21-APR-2013','DD-MON-YYYY')+10);
INSERT INTO test_record VALUES(495,4,2008,5,'lab3','normal',to_date('4-APR-2013','DD-MON-YYYY'),to_date('4-APR-2013','DD-MON-YYYY')+8);
INSERT INTO test_record VALUES(496,4,2008,5,'lab4','abnormal',to_date('6-FEB-2013','DD-MON-YYYY'),to_date('6-FEB-2013','DD-MON-YYYY')+8);
INSERT INTO test_record VALUES(497,4,2008,5,'lab4','normal',to_date('15-FEB-2013','DD-MON-YYYY'),to_date('15-FEB-2013','DD-MON-YYYY')+10);
INSERT INTO test_record VALUES(498,4,2008,5,'lab6','normal',to_date('25-JUN-2013','DD-MON-YYYY'),to_date('25-JUN-2013','DD-MON-YYYY')+8);
INSERT INTO test_record VALUES(499,4,2008,5,'lab5','normal',to_date('9-SEP-2013','DD-MON-YYYY'),to_date('9-SEP-2013','DD-MON-YYYY')+12);
INSERT INTO test_record VALUES(500,4,2008,5,'lab5','normal',to_date('10-JUL-2013','DD-MON-YYYY'),to_date('10-JUL-2013','DD-MON-YYYY')+13);
INSERT INTO test_record VALUES(501,4,2008,5,'lab3','normal',to_date('12-AUG-2013','DD-MON-YYYY'),to_date('12-AUG-2013','DD-MON-YYYY')+10);
INSERT INTO test_record VALUES(502,4,2008,5,'lab6','normal',to_date('14-DEC-2013','DD-MON-YYYY'),to_date('14-DEC-2013','DD-MON-YYYY')+8);
INSERT INTO test_record VALUES(503,4,2008,5,'lab4','normal',to_date('21-OCT-2013','DD-MON-YYYY'),to_date('21-OCT-2013','DD-MON-YYYY')+10);
INSERT INTO test_record VALUES(504,4,2008,5,'lab6','normal',to_date('26-DEC-2013','DD-MON-YYYY'),to_date('26-DEC-2013','DD-MON-YYYY')+13);
INSERT INTO test_record VALUES(505,4,2008,5,'lab4','abnormal',to_date('17-FEB-2013','DD-MON-YYYY'),to_date('17-FEB-2013','DD-MON-YYYY')+12);
INSERT INTO test_record VALUES(506,4,2008,5,'lab6','normal',to_date('5-JUN-2013','DD-MON-YYYY'),to_date('5-JUN-2013','DD-MON-YYYY')+13);
INSERT INTO test_record VALUES(507,4,2008,5,'lab7','normal',to_date('10-OCT-2013','DD-MON-YYYY'),to_date('10-OCT-2013','DD-MON-YYYY')+11);
INSERT INTO test_record VALUES(508,4,2008,5,'lab5','normal',to_date('16-DEC-2013','DD-MON-YYYY'),to_date('16-DEC-2013','DD-MON-YYYY')+9);
INSERT INTO test_record VALUES(509,4,2008,5,'lab6','normal',to_date('3-MAR-2013','DD-MON-YYYY'),to_date('3-MAR-2013','DD-MON-YYYY')+12);
INSERT INTO test_record VALUES(510,4,2008,5,'lab4','normal',to_date('11-JUN-2013','DD-MON-YYYY'),to_date('11-JUN-2013','DD-MON-YYYY')+10);
INSERT INTO test_record VALUES(511,4,2008,5,'lab6','normal',to_date('20-APR-2013','DD-MON-YYYY'),to_date('20-APR-2013','DD-MON-YYYY')+11);
INSERT INTO test_record VALUES(512,4,2008,5,'lab5','normal',to_date('1-APR-2013','DD-MON-YYYY'),to_date('1-APR-2013','DD-MON-YYYY')+12);
INSERT INTO test_record VALUES(513,4,2008,5,'lab7','abnormal',to_date('22-APR-2013','DD-MON-YYYY'),to_date('22-APR-2013','DD-MON-YYYY')+8);
INSERT INTO test_record VALUES(514,4,2008,5,'lab7','abnormal',to_date('21-AUG-2013','DD-MON-YYYY'),to_date('21-AUG-2013','DD-MON-YYYY')+9);
INSERT INTO test_record VALUES(515,4,2008,5,'lab6','normal',to_date('22-APR-2013','DD-MON-YYYY'),to_date('22-APR-2013','DD-MON-YYYY')+9);
INSERT INTO test_record VALUES(516,4,2008,5,'lab4','normal',to_date('16-JUN-2013','DD-MON-YYYY'),to_date('16-JUN-2013','DD-MON-YYYY')+9);
INSERT INTO test_record VALUES(517,4,2008,5,'lab3','abnormal',to_date('1-FEB-2013','DD-MON-YYYY'),to_date('1-FEB-2013','DD-MON-YYYY')+10);
INSERT INTO test_record VALUES(518,4,2008,5,'lab4','normal',to_date('6-MAR-2013','DD-MON-YYYY'),to_date('6-MAR-2013','DD-MON-YYYY')+10);
INSERT INTO test_record VALUES(519,4,2008,5,'lab5','abnormal',to_date('15-JUL-2013','DD-MON-YYYY'),to_date('15-JUL-2013','DD-MON-YYYY')+13);
INSERT INTO test_record VALUES(520,4,2008,5,'lab3','normal',to_date('19-SEP-2013','DD-MON-YYYY'),to_date('19-SEP-2013','DD-MON-YYYY')+11);
INSERT INTO test_record VALUES(521,4,2008,5,'lab7','normal',to_date('5-APR-2013','DD-MON-YYYY'),to_date('5-APR-2013','DD-MON-YYYY')+8);
INSERT INTO patient VALUES(2009,'Candy Heckendora','6510-45 ST Edmonton, AB W4I 3W1',to_date('22-FEB-1982','DD-MON-YYYY'),'4031445951');
INSERT INTO not_allowed VALUES(2009,3);
INSERT INTO test_record VALUES(522,4,2009,5,'lab5','normal',to_date('9-SEP-2013','DD-MON-YYYY'),to_date('9-SEP-2013','DD-MON-YYYY')+7);
INSERT INTO test_record VALUES(523,4,2009,5,'lab3','abnormal',to_date('3-MAY-2013','DD-MON-YYYY'),to_date('3-MAY-2013','DD-MON-YYYY')+12);
INSERT INTO test_record VALUES(524,4,2009,5,'lab6','normal',to_date('26-MAR-2013','DD-MON-YYYY'),to_date('26-MAR-2013','DD-MON-YYYY')+13);
INSERT INTO test_record VALUES(525,4,2009,5,'lab3','normal',to_date('1-DEC-2013','DD-MON-YYYY'),to_date('1-DEC-2013','DD-MON-YYYY')+10);
INSERT INTO test_record VALUES(526,4,2009,5,'lab6','normal',to_date('4-MAY-2013','DD-MON-YYYY'),to_date('4-MAY-2013','DD-MON-YYYY')+11);
INSERT INTO test_record VALUES(527,4,2009,5,'lab6','normal',to_date('21-JUN-2013','DD-MON-YYYY'),to_date('21-JUN-2013','DD-MON-YYYY')+10);
INSERT INTO test_record VALUES(528,4,2009,5,'lab7','abnormal',to_date('17-MAY-2013','DD-MON-YYYY'),to_date('17-MAY-2013','DD-MON-YYYY')+12);
INSERT INTO test_record VALUES(529,4,2009,5,'lab3','abnormal',to_date('21-OCT-2013','DD-MON-YYYY'),to_date('21-OCT-2013','DD-MON-YYYY')+8);
INSERT INTO test_record VALUES(530,4,2009,5,'lab6','normal',to_date('18-FEB-2013','DD-MON-YYYY'),to_date('18-FEB-2013','DD-MON-YYYY')+13);
INSERT INTO test_record VALUES(531,4,2009,5,'lab6','normal',to_date('21-AUG-2013','DD-MON-YYYY'),to_date('21-AUG-2013','DD-MON-YYYY')+13);
INSERT INTO test_record VALUES(532,4,2009,5,'lab4','normal',to_date('15-DEC-2013','DD-MON-YYYY'),to_date('15-DEC-2013','DD-MON-YYYY')+11);
INSERT INTO test_record VALUES(533,4,2009,5,'lab5','normal',to_date('18-APR-2013','DD-MON-YYYY'),to_date('18-APR-2013','DD-MON-YYYY')+8);
INSERT INTO test_record VALUES(534,4,2009,5,'lab4','normal',to_date('8-DEC-2013','DD-MON-YYYY'),to_date('8-DEC-2013','DD-MON-YYYY')+12);
INSERT INTO test_record VALUES(535,4,2009,5,'lab4','normal',to_date('12-JUL-2013','DD-MON-YYYY'),to_date('12-JUL-2013','DD-MON-YYYY')+8);
INSERT INTO test_record VALUES(536,4,2009,5,'lab5','normal',to_date('23-FEB-2013','DD-MON-YYYY'),to_date('23-FEB-2013','DD-MON-YYYY')+7);
INSERT INTO test_record VALUES(537,4,2009,5,'lab4','normal',to_date('16-JUN-2013','DD-MON-YYYY'),to_date('16-JUN-2013','DD-MON-YYYY')+8);
INSERT INTO test_record VALUES(538,4,2009,5,'lab7','normal',to_date('9-JUL-2013','DD-MON-YYYY'),to_date('9-JUL-2013','DD-MON-YYYY')+10);
INSERT INTO test_record VALUES(539,4,2009,5,'lab4','abnormal',to_date('17-OCT-2013','DD-MON-YYYY'),to_date('17-OCT-2013','DD-MON-YYYY')+10);
INSERT INTO test_record VALUES(540,4,2009,5,'lab7','normal',to_date('16-OCT-2013','DD-MON-YYYY'),to_date('16-OCT-2013','DD-MON-YYYY')+11);
INSERT INTO test_record VALUES(541,4,2009,5,'lab7','normal',to_date('2-MAY-2013','DD-MON-YYYY'),to_date('2-MAY-2013','DD-MON-YYYY')+11);
INSERT INTO test_record VALUES(542,4,2009,5,'lab5','abnormal',to_date('8-APR-2013','DD-MON-YYYY'),to_date('8-APR-2013','DD-MON-YYYY')+10);
INSERT INTO test_record VALUES(543,4,2009,5,'lab4','normal',to_date('19-FEB-2013','DD-MON-YYYY'),to_date('19-FEB-2013','DD-MON-YYYY')+9);
INSERT INTO test_record VALUES(544,4,2009,5,'lab6','normal',to_date('15-NOV-2013','DD-MON-YYYY'),to_date('15-NOV-2013','DD-MON-YYYY')+9);
INSERT INTO test_record VALUES(545,4,2009,5,'lab6','normal',to_date('24-DEC-2013','DD-MON-YYYY'),to_date('24-DEC-2013','DD-MON-YYYY')+10);
INSERT INTO test_record VALUES(546,4,2009,5,'lab3','normal',to_date('21-MAR-2013','DD-MON-YYYY'),to_date('21-MAR-2013','DD-MON-YYYY')+10);
INSERT INTO test_record VALUES(547,4,2009,5,'lab4','abnormal',to_date('6-NOV-2013','DD-MON-YYYY'),to_date('6-NOV-2013','DD-MON-YYYY')+10);
INSERT INTO test_record VALUES(548,4,2009,5,'lab5','normal',to_date('22-JUN-2013','DD-MON-YYYY'),to_date('22-JUN-2013','DD-MON-YYYY')+13);
INSERT INTO test_record VALUES(549,4,2009,5,'lab6','normal',to_date('8-AUG-2013','DD-MON-YYYY'),to_date('8-AUG-2013','DD-MON-YYYY')+12);
INSERT INTO test_record VALUES(550,4,2009,5,'lab7','normal',to_date('16-JUL-2013','DD-MON-YYYY'),to_date('16-JUL-2013','DD-MON-YYYY')+10);
INSERT INTO test_record VALUES(551,4,2009,5,'lab5','normal',to_date('6-MAR-2013','DD-MON-YYYY'),to_date('6-MAR-2013','DD-MON-YYYY')+11);
INSERT INTO test_record VALUES(552,4,2009,5,'lab4','normal',to_date('21-OCT-2013','DD-MON-YYYY'),to_date('21-OCT-2013','DD-MON-YYYY')+10);
INSERT INTO test_record VALUES(553,4,2009,5,'lab4','normal',to_date('8-OCT-2013','DD-MON-YYYY'),to_date('8-OCT-2013','DD-MON-YYYY')+8);
INSERT INTO test_record VALUES(554,4,2009,5,'lab3','normal',to_date('6-MAR-2013','DD-MON-YYYY'),to_date('6-MAR-2013','DD-MON-YYYY')+9);
INSERT INTO test_record VALUES(555,4,2009,5,'lab4','normal',to_date('25-AUG-2013','DD-MON-YYYY'),to_date('25-AUG-2013','DD-MON-YYYY')+8);
INSERT INTO test_record VALUES(556,4,2009,5,'lab5','normal',to_date('20-MAY-2013','DD-MON-YYYY'),to_date('20-MAY-2013','DD-MON-YYYY')+9);
INSERT INTO test_record VALUES(557,4,2009,5,'lab7','normal',to_date('22-JUL-2013','DD-MON-YYYY'),to_date('22-JUL-2013','DD-MON-YYYY')+11);
INSERT INTO test_record VALUES(558,4,2009,5,'lab4','normal',to_date('7-OCT-2013','DD-MON-YYYY'),to_date('7-OCT-2013','DD-MON-YYYY')+11);
INSERT INTO test_record VALUES(559,4,2009,5,'lab6','normal',to_date('11-MAY-2013','DD-MON-YYYY'),to_date('11-MAY-2013','DD-MON-YYYY')+8);
INSERT INTO test_record VALUES(560,4,2009,5,'lab4','normal',to_date('16-FEB-2013','DD-MON-YYYY'),to_date('16-FEB-2013','DD-MON-YYYY')+8);
INSERT INTO test_record VALUES(561,4,2009,5,'lab4','normal',to_date('2-MAY-2013','DD-MON-YYYY'),to_date('2-MAY-2013','DD-MON-YYYY')+10);
INSERT INTO test_record VALUES(562,4,2009,5,'lab3','abnormal',to_date('1-SEP-2013','DD-MON-YYYY'),to_date('1-SEP-2013','DD-MON-YYYY')+9);
INSERT INTO test_record VALUES(563,4,2009,5,'lab4','normal',to_date('3-OCT-2013','DD-MON-YYYY'),to_date('3-OCT-2013','DD-MON-YYYY')+8);
INSERT INTO test_record VALUES(564,4,2009,5,'lab6','normal',to_date('1-DEC-2013','DD-MON-YYYY'),to_date('1-DEC-2013','DD-MON-YYYY')+10);
INSERT INTO test_record VALUES(565,4,2009,5,'lab7','abnormal',to_date('25-SEP-2013','DD-MON-YYYY'),to_date('25-SEP-2013','DD-MON-YYYY')+12);
INSERT INTO test_record VALUES(566,4,2009,5,'lab5','normal',to_date('17-SEP-2013','DD-MON-YYYY'),to_date('17-SEP-2013','DD-MON-YYYY')+10);
INSERT INTO test_record VALUES(567,4,2009,5,'lab4','normal',to_date('6-APR-2013','DD-MON-YYYY'),to_date('6-APR-2013','DD-MON-YYYY')+9);
INSERT INTO test_record VALUES(568,4,2009,5,'lab3','normal',to_date('19-JUN-2013','DD-MON-YYYY'),to_date('19-JUN-2013','DD-MON-YYYY')+9);
INSERT INTO test_record VALUES(569,4,2009,5,'lab7','normal',to_date('13-SEP-2013','DD-MON-YYYY'),to_date('13-SEP-2013','DD-MON-YYYY')+12);
INSERT INTO test_record VALUES(570,4,2009,5,'lab5','normal',to_date('9-MAR-2013','DD-MON-YYYY'),to_date('9-MAR-2013','DD-MON-YYYY')+12);
INSERT INTO test_record VALUES(571,4,2009,5,'lab3','abnormal',to_date('15-MAY-2013','DD-MON-YYYY'),to_date('15-MAY-2013','DD-MON-YYYY')+10);
INSERT INTO test_record VALUES(572,4,2009,5,'lab3','normal',to_date('14-JUL-2013','DD-MON-YYYY'),to_date('14-JUL-2013','DD-MON-YYYY')+7);
INSERT INTO test_record VALUES(573,4,2009,5,'lab5','normal',to_date('12-DEC-2013','DD-MON-YYYY'),to_date('12-DEC-2013','DD-MON-YYYY')+7);
INSERT INTO test_record VALUES(574,4,2009,5,'lab7','abnormal',to_date('16-SEP-2013','DD-MON-YYYY'),to_date('16-SEP-2013','DD-MON-YYYY')+8);
INSERT INTO test_record VALUES(575,4,2009,5,'lab3','normal',to_date('13-NOV-2013','DD-MON-YYYY'),to_date('13-NOV-2013','DD-MON-YYYY')+7);
INSERT INTO test_record VALUES(576,4,2009,5,'lab3','normal',to_date('3-OCT-2013','DD-MON-YYYY'),to_date('3-OCT-2013','DD-MON-YYYY')+9);
INSERT INTO test_record VALUES(577,4,2009,5,'lab5','normal',to_date('25-SEP-2013','DD-MON-YYYY'),to_date('25-SEP-2013','DD-MON-YYYY')+11);
INSERT INTO test_record VALUES(578,4,2009,5,'lab5','abnormal',to_date('2-JUN-2013','DD-MON-YYYY'),to_date('2-JUN-2013','DD-MON-YYYY')+8);
INSERT INTO test_record VALUES(579,4,2009,5,'lab4','normal',to_date('1-MAY-2013','DD-MON-YYYY'),to_date('1-MAY-2013','DD-MON-YYYY')+10);
INSERT INTO test_record VALUES(580,4,2009,5,'lab4','normal',to_date('7-JUL-2013','DD-MON-YYYY'),to_date('7-JUL-2013','DD-MON-YYYY')+7);
INSERT INTO test_record VALUES(581,4,2009,5,'lab3','normal',to_date('6-MAR-2013','DD-MON-YYYY'),to_date('6-MAR-2013','DD-MON-YYYY')+9);
INSERT INTO test_record VALUES(582,4,2009,5,'lab3','abnormal',to_date('2-APR-2013','DD-MON-YYYY'),to_date('2-APR-2013','DD-MON-YYYY')+13);
INSERT INTO test_record VALUES(583,4,2009,5,'lab4','normal',to_date('8-JUL-2013','DD-MON-YYYY'),to_date('8-JUL-2013','DD-MON-YYYY')+12);
INSERT INTO test_record VALUES(584,4,2009,5,'lab5','normal',to_date('24-DEC-2013','DD-MON-YYYY'),to_date('24-DEC-2013','DD-MON-YYYY')+13);
INSERT INTO test_record VALUES(585,4,2009,5,'lab6','normal',to_date('5-JUN-2013','DD-MON-YYYY'),to_date('5-JUN-2013','DD-MON-YYYY')+11);
INSERT INTO test_record VALUES(586,4,2009,5,'lab6','normal',to_date('6-DEC-2013','DD-MON-YYYY'),to_date('6-DEC-2013','DD-MON-YYYY')+12);
INSERT INTO test_record VALUES(587,4,2009,5,'lab3','normal',to_date('7-OCT-2013','DD-MON-YYYY'),to_date('7-OCT-2013','DD-MON-YYYY')+12);
INSERT INTO test_record VALUES(588,4,2009,5,'lab4','normal',to_date('24-AUG-2013','DD-MON-YYYY'),to_date('24-AUG-2013','DD-MON-YYYY')+13);
INSERT INTO test_record VALUES(589,4,2009,5,'lab6','normal',to_date('12-SEP-2013','DD-MON-YYYY'),to_date('12-SEP-2013','DD-MON-YYYY')+10);
INSERT INTO test_record VALUES(590,4,2009,5,'lab4','abnormal',to_date('23-FEB-2013','DD-MON-YYYY'),to_date('23-FEB-2013','DD-MON-YYYY')+13);
INSERT INTO test_record VALUES(591,4,2009,5,'lab6','abnormal',to_date('3-DEC-2013','DD-MON-YYYY'),to_date('3-DEC-2013','DD-MON-YYYY')+13);
INSERT INTO test_record VALUES(592,4,2009,5,'lab3','normal',to_date('27-FEB-2013','DD-MON-YYYY'),to_date('27-FEB-2013','DD-MON-YYYY')+9);
INSERT INTO test_record VALUES(593,4,2009,5,'lab6','normal',to_date('18-JUN-2013','DD-MON-YYYY'),to_date('18-JUN-2013','DD-MON-YYYY')+9);
INSERT INTO test_record VALUES(594,4,2009,5,'lab6','normal',to_date('16-NOV-2013','DD-MON-YYYY'),to_date('16-NOV-2013','DD-MON-YYYY')+12);
INSERT INTO test_record VALUES(595,4,2009,5,'lab6','normal',to_date('22-NOV-2013','DD-MON-YYYY'),to_date('22-NOV-2013','DD-MON-YYYY')+8);
INSERT INTO test_record VALUES(596,4,2009,5,'lab6','normal',to_date('26-NOV-2013','DD-MON-YYYY'),to_date('26-NOV-2013','DD-MON-YYYY')+13);
INSERT INTO test_record VALUES(597,4,2009,5,'lab5','normal',to_date('18-MAR-2013','DD-MON-YYYY'),to_date('18-MAR-2013','DD-MON-YYYY')+12);
INSERT INTO test_record VALUES(598,4,2009,5,'lab6','abnormal',to_date('20-NOV-2013','DD-MON-YYYY'),to_date('20-NOV-2013','DD-MON-YYYY')+12);
INSERT INTO test_record VALUES(599,4,2009,5,'lab7','normal',to_date('26-SEP-2013','DD-MON-YYYY'),to_date('26-SEP-2013','DD-MON-YYYY')+11);
INSERT INTO test_record VALUES(600,4,2009,5,'lab5','normal',to_date('15-OCT-2013','DD-MON-YYYY'),to_date('15-OCT-2013','DD-MON-YYYY')+10);
INSERT INTO test_record VALUES(601,4,2009,5,'lab4','abnormal',to_date('23-APR-2013','DD-MON-YYYY'),to_date('23-APR-2013','DD-MON-YYYY')+12);
INSERT INTO test_record VALUES(602,4,2009,5,'lab7','abnormal',to_date('6-OCT-2013','DD-MON-YYYY'),to_date('6-OCT-2013','DD-MON-YYYY')+13);
INSERT INTO test_record VALUES(603,4,2009,5,'lab4','normal',to_date('24-MAR-2013','DD-MON-YYYY'),to_date('24-MAR-2013','DD-MON-YYYY')+8);
INSERT INTO test_record VALUES(604,4,2009,5,'lab3','normal',to_date('26-JUL-2013','DD-MON-YYYY'),to_date('26-JUL-2013','DD-MON-YYYY')+9);
INSERT INTO test_record VALUES(605,4,2009,5,'lab5','abnormal',to_date('13-DEC-2013','DD-MON-YYYY'),to_date('13-DEC-2013','DD-MON-YYYY')+11);
INSERT INTO test_record VALUES(606,4,2009,5,'lab7','normal',to_date('11-FEB-2013','DD-MON-YYYY'),to_date('11-FEB-2013','DD-MON-YYYY')+11);
INSERT INTO test_record VALUES(607,4,2009,5,'lab6','normal',to_date('12-FEB-2013','DD-MON-YYYY'),to_date('12-FEB-2013','DD-MON-YYYY')+11);
INSERT INTO test_record VALUES(608,4,2009,5,'lab7','normal',to_date('19-MAY-2013','DD-MON-YYYY'),to_date('19-MAY-2013','DD-MON-YYYY')+13);
INSERT INTO test_record VALUES(609,4,2009,5,'lab3','normal',to_date('4-FEB-2013','DD-MON-YYYY'),to_date('4-FEB-2013','DD-MON-YYYY')+11);
INSERT INTO test_record VALUES(610,4,2009,5,'lab4','abnormal',to_date('4-NOV-2013','DD-MON-YYYY'),to_date('4-NOV-2013','DD-MON-YYYY')+10);
INSERT INTO test_record VALUES(611,4,2009,5,'lab5','abnormal',to_date('16-JUL-2013','DD-MON-YYYY'),to_date('16-JUL-2013','DD-MON-YYYY')+13);
INSERT INTO test_record VALUES(612,4,2009,5,'lab7','normal',to_date('23-JUL-2013','DD-MON-YYYY'),to_date('23-JUL-2013','DD-MON-YYYY')+9);
INSERT INTO test_record VALUES(613,4,2009,5,'lab7','normal',to_date('23-MAR-2013','DD-MON-YYYY'),to_date('23-MAR-2013','DD-MON-YYYY')+7);
INSERT INTO test_record VALUES(614,4,2009,5,'lab7','normal',to_date('10-NOV-2013','DD-MON-YYYY'),to_date('10-NOV-2013','DD-MON-YYYY')+7);
INSERT INTO test_record VALUES(615,4,2009,5,'lab3','normal',to_date('27-MAR-2013','DD-MON-YYYY'),to_date('27-MAR-2013','DD-MON-YYYY')+8);
INSERT INTO test_record VALUES(616,4,2009,5,'lab4','normal',to_date('22-FEB-2013','DD-MON-YYYY'),to_date('22-FEB-2013','DD-MON-YYYY')+10);
INSERT INTO test_record VALUES(617,4,2009,5,'lab3','normal',to_date('4-AUG-2013','DD-MON-YYYY'),to_date('4-AUG-2013','DD-MON-YYYY')+8);
INSERT INTO test_record VALUES(618,4,2009,5,'lab3','normal',to_date('26-JUN-2013','DD-MON-YYYY'),to_date('26-JUN-2013','DD-MON-YYYY')+8);
INSERT INTO test_record VALUES(619,4,2009,5,'lab3','normal',to_date('14-MAR-2013','DD-MON-YYYY'),to_date('14-MAR-2013','DD-MON-YYYY')+7);
INSERT INTO test_record VALUES(620,4,2009,5,'lab7','normal',to_date('11-DEC-2013','DD-MON-YYYY'),to_date('11-DEC-2013','DD-MON-YYYY')+12);
INSERT INTO test_record VALUES(621,4,2009,5,'lab3','abnormal',to_date('8-MAY-2013','DD-MON-YYYY'),to_date('8-MAY-2013','DD-MON-YYYY')+8);
INSERT INTO patient VALUES(19500,'Roy Caldwell','2112-26 ST Edmonton, AB D3J 3K3',to_date('6-OCT-1950','DD-MON-YYYY'),'7801275901');
INSERT INTO not_allowed VALUES(19500,3);
INSERT INTO patient VALUES(19501,'Isabella Mckinnon','4316-90 AV Calgary, AB W9R 6F5',to_date('26-AUG-1950','DD-MON-YYYY'),'4031880482');
INSERT INTO not_allowed VALUES(19501,3);
INSERT INTO patient VALUES(19502,'Cristine Kifer','5017-78 ST Edmonton, AB U9Z 4A9',to_date('26-NOV-1950','DD-MON-YYYY'),'5871109349');
INSERT INTO not_allowed VALUES(19502,3);
INSERT INTO patient VALUES(19503,'Myung Osterwise','2618-3 AV Calgary, AB R2Z 6E6',to_date('15-MAR-1950','DD-MON-YYYY'),'7801358053');
INSERT INTO not_allowed VALUES(19503,3);
INSERT INTO patient VALUES(19504,'Waneta Blackburn','3013-16 ST Calgary, AB J6S 7N1',to_date('23-FEB-1950','DD-MON-YYYY'),'7801309286');
INSERT INTO not_allowed VALUES(19504,3);
INSERT INTO patient VALUES(19600,'Deshawn Millard','7210-17 ST Edmonton, AB G2U 7T6',to_date('19-JUN-1960','DD-MON-YYYY'),'5871174469');
INSERT INTO not_allowed VALUES(19600,3);
INSERT INTO patient VALUES(19601,'Janetta Sandblom','10815-68 ST Edmonton, AB L8Z 1I3',to_date('12-JUN-1960','DD-MON-YYYY'),'7801920420');
INSERT INTO not_allowed VALUES(19601,3);
INSERT INTO patient VALUES(19602,'Josefa Osterwise','10015-30 AV Calgary, AB O3P 4H8',to_date('19-OCT-1960','DD-MON-YYYY'),'7801914578');
INSERT INTO not_allowed VALUES(19602,3);
INSERT INTO patient VALUES(19603,'Myung Hatfield','1916-61 ST Calgary, AB C4I 7N4',to_date('2-JUL-1960','DD-MON-YYYY'),'7801123317');
INSERT INTO not_allowed VALUES(19603,3);
INSERT INTO patient VALUES(19604,'Karl Sandblom','2816-5 AV Calgary, AB Y9I 3A5',to_date('5-JUN-1960','DD-MON-YYYY'),'7801530390');
INSERT INTO not_allowed VALUES(19604,3);
INSERT INTO patient VALUES(19605,'Stanley Butterfill','1614-61 AV Edmonton, AB R5T 7V6',to_date('23-DEC-1960','DD-MON-YYYY'),'7801540887');
INSERT INTO not_allowed VALUES(19605,3);
INSERT INTO patient VALUES(19606,'Isabella Milliron','10719-50 AV Edmonton, AB V5L 2X7',to_date('18-JUL-1960','DD-MON-YYYY'),'5871009417');
INSERT INTO not_allowed VALUES(19606,3);
INSERT INTO patient VALUES(19607,'Emeline Blackburn','4913-38 ST Edmonton, AB Z4Q 9M5',to_date('26-JUN-1960','DD-MON-YYYY'),'4031003291');
INSERT INTO not_allowed VALUES(19607,3);
INSERT INTO patient VALUES(19608,'Karl Millard','10615-15 ST Edmonton, AB A9W 1Y1',to_date('16-MAR-1960','DD-MON-YYYY'),'4031967351');
INSERT INTO not_allowed VALUES(19608,3);
INSERT INTO patient VALUES(19609,'Vito Heckendora','3815-24 ST Edmonton, AB E9J 8R6',to_date('27-SEP-1960','DD-MON-YYYY'),'4031007995');
INSERT INTO not_allowed VALUES(19609,3);
INSERT INTO patient VALUES(19700,'Tresa Crissman','4615-29 AV Edmonton, AB H2C 8Y3',to_date('19-JUN-1970','DD-MON-YYYY'),'7801354758');
INSERT INTO not_allowed VALUES(19700,3);
INSERT INTO patient VALUES(19701,'Janetta Caldwell','3910-62 ST Edmonton, AB W2H 6H9',to_date('19-FEB-1970','DD-MON-YYYY'),'4031558946');
INSERT INTO not_allowed VALUES(19701,3);
INSERT INTO patient VALUES(19702,'Waneta Stanfield','2310-39 AV Calgary, AB S9Q 5O6',to_date('21-MAR-1970','DD-MON-YYYY'),'7801329438');
INSERT INTO not_allowed VALUES(19702,3);
INSERT INTO patient VALUES(19703,'Sharda Linton','6315-23 AV Calgary, AB S5N 7P3',to_date('15-JUL-1970','DD-MON-YYYY'),'7801354484');
INSERT INTO not_allowed VALUES(19703,3);
INSERT INTO patient VALUES(19704,'Lilli Larson','9819-33 ST Edmonton, AB B5I 5B5',to_date('26-MAY-1970','DD-MON-YYYY'),'7801237279');
INSERT INTO not_allowed VALUES(19704,3);
INSERT INTO patient VALUES(19705,'Delphine Mckinnon','3118-89 AV Edmonton, AB A5D 2L8',to_date('26-SEP-1970','DD-MON-YYYY'),'5871384906');
INSERT INTO not_allowed VALUES(19705,3);
INSERT INTO patient VALUES(19706,'Sudie Ballou','5315-23 AV Edmonton, AB K7J 4R8',to_date('9-MAY-1970','DD-MON-YYYY'),'4031128720');
INSERT INTO not_allowed VALUES(19706,3);
INSERT INTO patient VALUES(19707,'Josefa Bridger','8812-96 AV Calgary, AB D1L 5K3',to_date('2-NOV-1970','DD-MON-YYYY'),'7801096632');
INSERT INTO not_allowed VALUES(19707,3);
INSERT INTO patient VALUES(19708,'Britt Butterfill','6013-51 ST Calgary, AB P1L 9V6',to_date('18-JUL-1970','DD-MON-YYYY'),'4031990610');
INSERT INTO not_allowed VALUES(19708,3);
INSERT INTO patient VALUES(19709,'Josefa Larson','6614-55 AV Calgary, AB U7B 7J3',to_date('1-OCT-1970','DD-MON-YYYY'),'5871301965');
INSERT INTO not_allowed VALUES(19709,3);
INSERT INTO patient VALUES(19710,'Garret Poehl','2811-76 AV Calgary, AB G9I 8E1',to_date('9-DEC-1970','DD-MON-YYYY'),'7801223734');
INSERT INTO not_allowed VALUES(19710,3);
INSERT INTO patient VALUES(19711,'Leann Kifer','7716-57 ST Edmonton, AB U4N 5I6',to_date('18-JUL-1970','DD-MON-YYYY'),'7801824615');
INSERT INTO not_allowed VALUES(19711,3);
INSERT INTO patient VALUES(19712,'Candy Poehl','10711-22 ST Edmonton, AB U3D 9U2',to_date('10-MAR-1970','DD-MON-YYYY'),'4031873007');
INSERT INTO not_allowed VALUES(19712,3);
INSERT INTO patient VALUES(19713,'Josefa Butterfill','3718-50 AV Edmonton, AB X6I 9Q1',to_date('11-OCT-1970','DD-MON-YYYY'),'4031173956');
INSERT INTO not_allowed VALUES(19713,3);
INSERT INTO patient VALUES(19714,'Sudie Giesler','3613-88 ST Edmonton, AB U4Q 5B8',to_date('13-NOV-1970','DD-MON-YYYY'),'4031245278');
INSERT INTO not_allowed VALUES(19714,3);
INSERT INTO patient VALUES(19800,'Candy Sherlock','8616-92 ST Edmonton, AB O2G 7L9',to_date('5-FEB-1980','DD-MON-YYYY'),'4031205495');
INSERT INTO not_allowed VALUES(19800,3);
INSERT INTO patient VALUES(19801,'Adriene Kepplinger','5012-83 ST Calgary, AB J9C 7Q9',to_date('9-MAR-1980','DD-MON-YYYY'),'7801281438');
INSERT INTO not_allowed VALUES(19801,3);
INSERT INTO patient VALUES(19802,'Holley Osterwise','10619-14 ST Edmonton, AB K4X 6F8',to_date('4-FEB-1980','DD-MON-YYYY'),'4031906210');
INSERT INTO not_allowed VALUES(19802,3);
INSERT INTO patient VALUES(19803,'Adriene Linton','8317-66 ST Calgary, AB C1C 3D6',to_date('20-FEB-1980','DD-MON-YYYY'),'7801461391');
INSERT INTO not_allowed VALUES(19803,3);
INSERT INTO patient VALUES(19804,'Stanley Mckinnon','1713-56 ST Calgary, AB N5W 8P4',to_date('19-JUN-1980','DD-MON-YYYY'),'7801324813');
INSERT INTO not_allowed VALUES(19804,3);
INSERT INTO patient VALUES(19805,'Britt Millard','2712-44 ST Calgary, AB S7K 8W5',to_date('15-AUG-1980','DD-MON-YYYY'),'7801998734');
INSERT INTO not_allowed VALUES(19805,3);
INSERT INTO patient VALUES(19806,'Roy Crissman','6512-27 AV Edmonton, AB D9R 9Z1',to_date('25-APR-1980','DD-MON-YYYY'),'7801019804');
INSERT INTO not_allowed VALUES(19806,3);
INSERT INTO patient VALUES(19807,'Jose Blackburn','2019-91 AV Calgary, AB S9D 6Q8',to_date('12-JUL-1980','DD-MON-YYYY'),'5871698441');
INSERT INTO not_allowed VALUES(19807,3);
INSERT INTO patient VALUES(19808,'Garret Osterwise','7318-79 ST Calgary, AB T3O 8G9',to_date('27-JUL-1980','DD-MON-YYYY'),'5871105191');
INSERT INTO not_allowed VALUES(19808,3);
INSERT INTO patient VALUES(19809,'Delphine Hil','4111-52 AV Calgary, AB O8Q 8Y6',to_date('1-FEB-1980','DD-MON-YYYY'),'7801362234');
INSERT INTO not_allowed VALUES(19809,3);
INSERT INTO patient VALUES(19810,'Adriene Stough','3911-3 ST Edmonton, AB L3D 9B6',to_date('27-MAR-1980','DD-MON-YYYY'),'5871934891');
INSERT INTO not_allowed VALUES(19810,3);
INSERT INTO patient VALUES(19811,'Karl Stough','4218-10 ST Calgary, AB X8X 8Q5',to_date('8-FEB-1980','DD-MON-YYYY'),'7801220056');
INSERT INTO not_allowed VALUES(19811,3);
INSERT INTO patient VALUES(19812,'Janetta Caldwell','8611-14 AV Calgary, AB J9S 5S5',to_date('2-DEC-1980','DD-MON-YYYY'),'5871498357');
INSERT INTO not_allowed VALUES(19812,3);
INSERT INTO patient VALUES(19813,'Emeline Stough','1217-72 ST Edmonton, AB Y7K 3Q8',to_date('22-APR-1980','DD-MON-YYYY'),'4031657304');
INSERT INTO not_allowed VALUES(19813,3);
INSERT INTO patient VALUES(19814,'Adriene Sandblom','5616-47 AV Calgary, AB S4R 5I1',to_date('23-AUG-1980','DD-MON-YYYY'),'4031149737');
INSERT INTO not_allowed VALUES(19814,3);
INSERT INTO patient VALUES(19815,'Karl Millard','7910-20 ST Calgary, AB Q3K 5G7',to_date('20-MAY-1980','DD-MON-YYYY'),'4031966804');
INSERT INTO not_allowed VALUES(19815,3);
INSERT INTO patient VALUES(19816,'Tanika Hil','5912-43 ST Calgary, AB M5P 1B4',to_date('26-APR-1980','DD-MON-YYYY'),'7801823943');
INSERT INTO not_allowed VALUES(19816,3);
INSERT INTO patient VALUES(19817,'Cristine Akers','2310-51 ST Calgary, AB H1Y 7T6',to_date('1-DEC-1980','DD-MON-YYYY'),'5871599072');
INSERT INTO not_allowed VALUES(19817,3);
INSERT INTO patient VALUES(19818,'Holley Butterfill','6616-11 ST Edmonton, AB B5U 7R3',to_date('11-NOV-1980','DD-MON-YYYY'),'7801084760');
INSERT INTO not_allowed VALUES(19818,3);
INSERT INTO patient VALUES(19819,'Deshawn Overstreet','1712-58 ST Calgary, AB I7U 1V9',to_date('6-SEP-1980','DD-MON-YYYY'),'7801617911');
INSERT INTO not_allowed VALUES(19819,3);
INSERT INTO patient VALUES(19900,'Michaele Akers','7319-7 ST Calgary, AB L9E 1U6',to_date('7-JUL-1990','DD-MON-YYYY'),'7801579424');
INSERT INTO not_allowed VALUES(19900,3);
INSERT INTO patient VALUES(19901,'Cristine Mckinnon','8316-16 AV Calgary, AB P1W 1S1',to_date('20-JUN-1990','DD-MON-YYYY'),'5871238775');
INSERT INTO not_allowed VALUES(19901,3);
INSERT INTO patient VALUES(19902,'Tresa Millard','1016-24 ST Calgary, AB U8N 7E1',to_date('6-MAR-1990','DD-MON-YYYY'),'4031841601');
INSERT INTO not_allowed VALUES(19902,3);
INSERT INTO patient VALUES(19903,'Delphine Stough','1816-39 AV Calgary, AB K7C 5Q2',to_date('7-DEC-1990','DD-MON-YYYY'),'5871811611');
INSERT INTO not_allowed VALUES(19903,3);
INSERT INTO patient VALUES(19904,'Toshia Ballou','4719-6 ST Edmonton, AB Y9Q 6M9',to_date('6-JUN-1990','DD-MON-YYYY'),'5871412393');
INSERT INTO not_allowed VALUES(19904,3);
INSERT INTO patient VALUES(19905,'Vito Linton','2615-77 ST Edmonton, AB D7A 5N1',to_date('11-SEP-1990','DD-MON-YYYY'),'4031958454');
INSERT INTO not_allowed VALUES(19905,3);
INSERT INTO patient VALUES(19906,'Cristine Sandblom','8017-89 ST Edmonton, AB L7R 2P5',to_date('7-JUL-1990','DD-MON-YYYY'),'7801403321');
INSERT INTO not_allowed VALUES(19906,3);
INSERT INTO patient VALUES(19907,'Leann Bridger','5214-93 ST Calgary, AB I2M 2X2',to_date('26-MAR-1990','DD-MON-YYYY'),'4031746319');
INSERT INTO not_allowed VALUES(19907,3);
INSERT INTO patient VALUES(19908,'Isabella Branson','9210-73 AV Calgary, AB I8B 5B2',to_date('13-SEP-1990','DD-MON-YYYY'),'7801642562');
INSERT INTO not_allowed VALUES(19908,3);
INSERT INTO patient VALUES(19909,'Michaele Poehl','2315-35 ST Calgary, AB B3E 4X6',to_date('13-FEB-1990','DD-MON-YYYY'),'4031804635');
INSERT INTO not_allowed VALUES(19909,3);
INSERT INTO patient VALUES(19910,'Carlie Milliron','2315-20 AV Calgary, AB C8G 3B6',to_date('8-MAR-1990','DD-MON-YYYY'),'7801392063');
INSERT INTO not_allowed VALUES(19910,3);
INSERT INTO patient VALUES(19911,'Garret Larson','8714-92 ST Calgary, AB E3V 7F9',to_date('27-NOV-1990','DD-MON-YYYY'),'7801125908');
INSERT INTO not_allowed VALUES(19911,3);
INSERT INTO patient VALUES(19912,'Josefa Osterwise','2413-95 ST Calgary, AB U7U 5B4',to_date('3-JUN-1990','DD-MON-YYYY'),'7801594354');
INSERT INTO not_allowed VALUES(19912,3);
INSERT INTO patient VALUES(19913,'Holley Hatfield','2412-83 ST Calgary, AB F7E 5D5',to_date('10-NOV-1990','DD-MON-YYYY'),'4031755723');
INSERT INTO not_allowed VALUES(19913,3);
INSERT INTO patient VALUES(19914,'Leann Mckinnon','5315-80 ST Edmonton, AB A5D 1H5',to_date('22-DEC-1990','DD-MON-YYYY'),'7801096130');
INSERT INTO not_allowed VALUES(19914,3);
INSERT INTO patient VALUES(19915,'Isabella Linton','9510-48 AV Calgary, AB X7O 1O4',to_date('5-SEP-1990','DD-MON-YYYY'),'5871421497');
INSERT INTO not_allowed VALUES(19915,3);
INSERT INTO patient VALUES(19916,'Holley Hil','9918-11 ST Calgary, AB J9X 3M8',to_date('9-NOV-1990','DD-MON-YYYY'),'4031080959');
INSERT INTO not_allowed VALUES(19916,3);
INSERT INTO patient VALUES(19917,'Deshawn Poehl','7617-20 ST Edmonton, AB Y9D 7O7',to_date('8-DEC-1990','DD-MON-YYYY'),'5871308865');
INSERT INTO not_allowed VALUES(19917,3);
INSERT INTO patient VALUES(19918,'Candy Hatfield','9218-49 ST Calgary, AB H9Z 5L3',to_date('6-JUL-1990','DD-MON-YYYY'),'4031615806');
INSERT INTO not_allowed VALUES(19918,3);
INSERT INTO patient VALUES(19919,'Deshawn Heckendora','10318-29 AV Calgary, AB U8P 9H6',to_date('1-JUL-1990','DD-MON-YYYY'),'7801613648');
INSERT INTO not_allowed VALUES(19919,3);
INSERT INTO patient VALUES(19920,'Michaele Millard','2317-7 AV Calgary, AB O2A 4L7',to_date('8-SEP-1990','DD-MON-YYYY'),'4031143832');
INSERT INTO not_allowed VALUES(19920,3);
INSERT INTO patient VALUES(19921,'Karl Linton','3714-87 AV Calgary, AB R2W 1O6',to_date('7-APR-1990','DD-MON-YYYY'),'4031421847');
INSERT INTO not_allowed VALUES(19921,3);
INSERT INTO patient VALUES(19922,'Britt Welty','8414-14 AV Edmonton, AB N4G 9S7',to_date('19-APR-1990','DD-MON-YYYY'),'5871423877');
INSERT INTO not_allowed VALUES(19922,3);
INSERT INTO patient VALUES(19923,'Leann Stough','8917-41 AV Calgary, AB Q8Q 6O4',to_date('6-JUL-1990','DD-MON-YYYY'),'5871099020');
INSERT INTO not_allowed VALUES(19923,3);
INSERT INTO patient VALUES(19924,'Emeline Sandblom','6119-13 AV Calgary, AB Q6N 8J8',to_date('26-AUG-1990','DD-MON-YYYY'),'4031878830');
INSERT INTO not_allowed VALUES(19924,3);
INSERT INTO test_record VALUES(622,1,19504,1,'lab6','abnormal',to_date('20-OCT-2010','DD-MON-YYYY'),to_date('20-OCT-2010','DD-MON-YYYY')+8);
INSERT INTO test_record VALUES(623,1,19502,5,'lab5','normal',to_date('23-JUN-2010','DD-MON-YYYY'),to_date('23-JUN-2010','DD-MON-YYYY')+9);
INSERT INTO test_record VALUES(624,1,19502,4,'lab6','abnormal',to_date('23-AUG-2010','DD-MON-YYYY'),to_date('23-AUG-2010','DD-MON-YYYY')+10);
INSERT INTO test_record VALUES(625,1,19500,3,'lab5','normal',to_date('10-AUG-2010','DD-MON-YYYY'),to_date('10-AUG-2010','DD-MON-YYYY')+8);
INSERT INTO test_record VALUES(626,1,19501,2,'lab5','normal',to_date('17-JUL-2010','DD-MON-YYYY'),to_date('17-JUL-2010','DD-MON-YYYY')+8);
INSERT INTO test_record VALUES(627,1,19500,5,'lab4','normal',to_date('10-APR-2011','DD-MON-YYYY'),to_date('10-APR-2011','DD-MON-YYYY')+11);
INSERT INTO test_record VALUES(628,1,19504,4,'lab6','normal',to_date('7-SEP-2011','DD-MON-YYYY'),to_date('7-SEP-2011','DD-MON-YYYY')+12);
INSERT INTO test_record VALUES(629,1,19500,3,'lab4','normal',to_date('5-MAR-2011','DD-MON-YYYY'),to_date('5-MAR-2011','DD-MON-YYYY')+11);
INSERT INTO test_record VALUES(630,1,19502,1,'lab7','abnormal',to_date('20-JUL-2011','DD-MON-YYYY'),to_date('20-JUL-2011','DD-MON-YYYY')+13);
INSERT INTO test_record VALUES(631,1,19500,1,'lab5','normal',to_date('26-MAR-2011','DD-MON-YYYY'),to_date('26-MAR-2011','DD-MON-YYYY')+7);
INSERT INTO test_record VALUES(632,1,19500,2,'lab6','abnormal',to_date('19-DEC-2012','DD-MON-YYYY'),to_date('19-DEC-2012','DD-MON-YYYY')+8);
INSERT INTO test_record VALUES(633,1,19504,1,'lab6','normal',to_date('16-DEC-2012','DD-MON-YYYY'),to_date('16-DEC-2012','DD-MON-YYYY')+7);
INSERT INTO test_record VALUES(634,1,19503,2,'lab6','abnormal',to_date('11-JUL-2012','DD-MON-YYYY'),to_date('11-JUL-2012','DD-MON-YYYY')+13);
INSERT INTO test_record VALUES(635,1,19504,2,'lab4','normal',to_date('27-DEC-2012','DD-MON-YYYY'),to_date('27-DEC-2012','DD-MON-YYYY')+13);
INSERT INTO test_record VALUES(636,1,19504,2,'lab4','normal',to_date('14-MAY-2012','DD-MON-YYYY'),to_date('14-MAY-2012','DD-MON-YYYY')+11);
INSERT INTO test_record VALUES(637,1,19503,4,'lab7','abnormal',to_date('20-DEC-2013','DD-MON-YYYY'),to_date('20-DEC-2013','DD-MON-YYYY')+13);
INSERT INTO test_record VALUES(638,1,19502,2,'lab4','normal',to_date('4-MAR-2013','DD-MON-YYYY'),to_date('4-MAR-2013','DD-MON-YYYY')+13);
INSERT INTO test_record VALUES(639,1,19503,5,'lab5','abnormal',to_date('20-APR-2013','DD-MON-YYYY'),to_date('20-APR-2013','DD-MON-YYYY')+13);
INSERT INTO test_record VALUES(640,1,19501,2,'lab7','normal',to_date('4-FEB-2013','DD-MON-YYYY'),to_date('4-FEB-2013','DD-MON-YYYY')+13);
INSERT INTO test_record VALUES(641,1,19503,1,'lab6','normal',to_date('22-NOV-2013','DD-MON-YYYY'),to_date('22-NOV-2013','DD-MON-YYYY')+10);
INSERT INTO test_record VALUES(642,1,19501,1,'lab6','abnormal',to_date('11-NOV-2014','DD-MON-YYYY'),to_date('11-NOV-2014','DD-MON-YYYY')+11);
INSERT INTO test_record VALUES(643,1,19501,4,'lab6','normal',to_date('8-NOV-2014','DD-MON-YYYY'),to_date('8-NOV-2014','DD-MON-YYYY')+11);
INSERT INTO test_record VALUES(644,1,19502,3,'lab6','normal',to_date('2-MAR-2014','DD-MON-YYYY'),to_date('2-MAR-2014','DD-MON-YYYY')+12);
INSERT INTO test_record VALUES(645,1,19501,1,'lab4','normal',to_date('11-JUL-2014','DD-MON-YYYY'),to_date('11-JUL-2014','DD-MON-YYYY')+12);
INSERT INTO test_record VALUES(646,1,19502,5,'lab6','normal',to_date('4-MAY-2014','DD-MON-YYYY'),to_date('4-MAY-2014','DD-MON-YYYY')+8);
INSERT INTO test_record VALUES(647,1,19605,2,'lab5','normal',to_date('19-JUL-2010','DD-MON-YYYY'),to_date('19-JUL-2010','DD-MON-YYYY')+8);
INSERT INTO test_record VALUES(648,1,19601,5,'lab4','normal',to_date('17-JUL-2010','DD-MON-YYYY'),to_date('17-JUL-2010','DD-MON-YYYY')+13);
INSERT INTO test_record VALUES(649,1,19607,4,'lab7','normal',to_date('16-JUL-2010','DD-MON-YYYY'),to_date('16-JUL-2010','DD-MON-YYYY')+10);
INSERT INTO test_record VALUES(650,1,19601,4,'lab5','normal',to_date('26-AUG-2010','DD-MON-YYYY'),to_date('26-AUG-2010','DD-MON-YYYY')+13);
INSERT INTO test_record VALUES(651,1,19605,5,'lab6','normal',to_date('23-SEP-2010','DD-MON-YYYY'),to_date('23-SEP-2010','DD-MON-YYYY')+13);
INSERT INTO test_record VALUES(652,1,19605,5,'lab6','normal',to_date('25-FEB-2011','DD-MON-YYYY'),to_date('25-FEB-2011','DD-MON-YYYY')+9);
INSERT INTO test_record VALUES(653,1,19601,1,'lab3','normal',to_date('27-SEP-2011','DD-MON-YYYY'),to_date('27-SEP-2011','DD-MON-YYYY')+8);
INSERT INTO test_record VALUES(654,1,19600,4,'lab4','normal',to_date('26-MAR-2011','DD-MON-YYYY'),to_date('26-MAR-2011','DD-MON-YYYY')+9);
INSERT INTO test_record VALUES(655,1,19600,1,'lab7','abnormal',to_date('19-JUN-2011','DD-MON-YYYY'),to_date('19-JUN-2011','DD-MON-YYYY')+11);
INSERT INTO test_record VALUES(656,1,19604,5,'lab5','abnormal',to_date('8-APR-2011','DD-MON-YYYY'),to_date('8-APR-2011','DD-MON-YYYY')+8);
INSERT INTO test_record VALUES(657,1,19605,4,'lab5','abnormal',to_date('27-OCT-2012','DD-MON-YYYY'),to_date('27-OCT-2012','DD-MON-YYYY')+11);
INSERT INTO test_record VALUES(658,1,19600,2,'lab7','normal',to_date('13-JUL-2012','DD-MON-YYYY'),to_date('13-JUL-2012','DD-MON-YYYY')+10);
INSERT INTO test_record VALUES(659,1,19609,3,'lab3','normal',to_date('6-MAY-2012','DD-MON-YYYY'),to_date('6-MAY-2012','DD-MON-YYYY')+10);
INSERT INTO test_record VALUES(660,1,19600,5,'lab3','abnormal',to_date('7-OCT-2012','DD-MON-YYYY'),to_date('7-OCT-2012','DD-MON-YYYY')+8);
INSERT INTO test_record VALUES(661,1,19602,2,'lab7','abnormal',to_date('7-MAR-2012','DD-MON-YYYY'),to_date('7-MAR-2012','DD-MON-YYYY')+12);
INSERT INTO test_record VALUES(662,1,19600,2,'lab6','normal',to_date('14-JUL-2013','DD-MON-YYYY'),to_date('14-JUL-2013','DD-MON-YYYY')+12);
INSERT INTO test_record VALUES(663,1,19606,1,'lab5','normal',to_date('17-OCT-2013','DD-MON-YYYY'),to_date('17-OCT-2013','DD-MON-YYYY')+13);
INSERT INTO test_record VALUES(664,1,19609,1,'lab4','normal',to_date('6-DEC-2013','DD-MON-YYYY'),to_date('6-DEC-2013','DD-MON-YYYY')+12);
INSERT INTO test_record VALUES(665,1,19600,2,'lab5','normal',to_date('13-MAY-2013','DD-MON-YYYY'),to_date('13-MAY-2013','DD-MON-YYYY')+7);
INSERT INTO test_record VALUES(666,1,19608,5,'lab3','normal',to_date('21-MAR-2013','DD-MON-YYYY'),to_date('21-MAR-2013','DD-MON-YYYY')+12);
INSERT INTO test_record VALUES(667,1,19607,1,'lab7','normal',to_date('8-APR-2014','DD-MON-YYYY'),to_date('8-APR-2014','DD-MON-YYYY')+8);
INSERT INTO test_record VALUES(668,1,19603,5,'lab4','abnormal',to_date('2-DEC-2014','DD-MON-YYYY'),to_date('2-DEC-2014','DD-MON-YYYY')+7);
INSERT INTO test_record VALUES(669,1,19609,3,'lab7','normal',to_date('2-SEP-2014','DD-MON-YYYY'),to_date('2-SEP-2014','DD-MON-YYYY')+10);
INSERT INTO test_record VALUES(670,1,19609,1,'lab6','abnormal',to_date('2-JUL-2014','DD-MON-YYYY'),to_date('2-JUL-2014','DD-MON-YYYY')+8);
INSERT INTO test_record VALUES(671,1,19600,2,'lab6','normal',to_date('22-SEP-2014','DD-MON-YYYY'),to_date('22-SEP-2014','DD-MON-YYYY')+7);
INSERT INTO test_record VALUES(672,1,19711,4,'lab5','normal',to_date('3-OCT-2010','DD-MON-YYYY'),to_date('3-OCT-2010','DD-MON-YYYY')+12);
INSERT INTO test_record VALUES(673,1,19711,2,'lab3','normal',to_date('4-SEP-2010','DD-MON-YYYY'),to_date('4-SEP-2010','DD-MON-YYYY')+9);
INSERT INTO test_record VALUES(674,1,19712,4,'lab7','normal',to_date('3-MAY-2010','DD-MON-YYYY'),to_date('3-MAY-2010','DD-MON-YYYY')+9);
INSERT INTO test_record VALUES(675,1,19701,5,'lab4','normal',to_date('19-NOV-2010','DD-MON-YYYY'),to_date('19-NOV-2010','DD-MON-YYYY')+12);
INSERT INTO test_record VALUES(676,1,19703,2,'lab3','normal',to_date('20-JUN-2010','DD-MON-YYYY'),to_date('20-JUN-2010','DD-MON-YYYY')+12);
INSERT INTO test_record VALUES(677,1,19706,3,'lab5','normal',to_date('12-JUN-2011','DD-MON-YYYY'),to_date('12-JUN-2011','DD-MON-YYYY')+13);
INSERT INTO test_record VALUES(678,1,19701,5,'lab3','normal',to_date('7-MAR-2011','DD-MON-YYYY'),to_date('7-MAR-2011','DD-MON-YYYY')+10);
INSERT INTO test_record VALUES(679,1,19701,1,'lab7','abnormal',to_date('18-NOV-2011','DD-MON-YYYY'),to_date('18-NOV-2011','DD-MON-YYYY')+8);
INSERT INTO test_record VALUES(680,1,19709,2,'lab3','normal',to_date('7-OCT-2011','DD-MON-YYYY'),to_date('7-OCT-2011','DD-MON-YYYY')+7);
INSERT INTO test_record VALUES(681,1,19711,1,'lab5','normal',to_date('6-JUL-2011','DD-MON-YYYY'),to_date('6-JUL-2011','DD-MON-YYYY')+11);
INSERT INTO test_record VALUES(682,1,19712,5,'lab6','normal',to_date('2-SEP-2012','DD-MON-YYYY'),to_date('2-SEP-2012','DD-MON-YYYY')+13);
INSERT INTO test_record VALUES(683,1,19704,5,'lab3','normal',to_date('25-MAR-2012','DD-MON-YYYY'),to_date('25-MAR-2012','DD-MON-YYYY')+9);
INSERT INTO test_record VALUES(684,1,19702,5,'lab5','normal',to_date('16-APR-2012','DD-MON-YYYY'),to_date('16-APR-2012','DD-MON-YYYY')+10);
INSERT INTO test_record VALUES(685,1,19704,2,'lab4','normal',to_date('14-AUG-2012','DD-MON-YYYY'),to_date('14-AUG-2012','DD-MON-YYYY')+12);
INSERT INTO test_record VALUES(686,1,19707,3,'lab4','normal',to_date('1-DEC-2012','DD-MON-YYYY'),to_date('1-DEC-2012','DD-MON-YYYY')+10);
INSERT INTO test_record VALUES(687,1,19700,5,'lab5','normal',to_date('23-JUL-2013','DD-MON-YYYY'),to_date('23-JUL-2013','DD-MON-YYYY')+13);
INSERT INTO test_record VALUES(688,1,19700,4,'lab3','normal',to_date('26-AUG-2013','DD-MON-YYYY'),to_date('26-AUG-2013','DD-MON-YYYY')+11);
INSERT INTO test_record VALUES(689,1,19702,2,'lab5','normal',to_date('3-OCT-2013','DD-MON-YYYY'),to_date('3-OCT-2013','DD-MON-YYYY')+13);
INSERT INTO test_record VALUES(690,1,19702,2,'lab7','normal',to_date('6-MAY-2013','DD-MON-YYYY'),to_date('6-MAY-2013','DD-MON-YYYY')+12);
INSERT INTO test_record VALUES(691,1,19706,3,'lab3','normal',to_date('14-APR-2013','DD-MON-YYYY'),to_date('14-APR-2013','DD-MON-YYYY')+9);
INSERT INTO test_record VALUES(692,1,19710,1,'lab3','normal',to_date('22-FEB-2014','DD-MON-YYYY'),to_date('22-FEB-2014','DD-MON-YYYY')+13);
INSERT INTO test_record VALUES(693,1,19708,5,'lab7','normal',to_date('24-FEB-2014','DD-MON-YYYY'),to_date('24-FEB-2014','DD-MON-YYYY')+9);
INSERT INTO test_record VALUES(694,1,19708,2,'lab6','normal',to_date('4-JUL-2014','DD-MON-YYYY'),to_date('4-JUL-2014','DD-MON-YYYY')+10);
INSERT INTO test_record VALUES(695,1,19711,5,'lab4','normal',to_date('25-JUL-2014','DD-MON-YYYY'),to_date('25-JUL-2014','DD-MON-YYYY')+12);
INSERT INTO test_record VALUES(696,1,19710,5,'lab4','normal',to_date('14-AUG-2014','DD-MON-YYYY'),to_date('14-AUG-2014','DD-MON-YYYY')+7);
INSERT INTO test_record VALUES(697,1,19809,4,'lab3','normal',to_date('20-APR-2010','DD-MON-YYYY'),to_date('20-APR-2010','DD-MON-YYYY')+12);
INSERT INTO test_record VALUES(698,1,19814,4,'lab7','normal',to_date('20-JUN-2010','DD-MON-YYYY'),to_date('20-JUN-2010','DD-MON-YYYY')+11);
INSERT INTO test_record VALUES(699,1,19802,3,'lab4','normal',to_date('26-OCT-2010','DD-MON-YYYY'),to_date('26-OCT-2010','DD-MON-YYYY')+12);
INSERT INTO test_record VALUES(700,1,19805,5,'lab5','normal',to_date('5-JUL-2010','DD-MON-YYYY'),to_date('5-JUL-2010','DD-MON-YYYY')+8);
INSERT INTO test_record VALUES(701,1,19810,2,'lab5','normal',to_date('15-FEB-2010','DD-MON-YYYY'),to_date('15-FEB-2010','DD-MON-YYYY')+8);
INSERT INTO test_record VALUES(702,1,19810,5,'lab6','normal',to_date('10-MAR-2011','DD-MON-YYYY'),to_date('10-MAR-2011','DD-MON-YYYY')+10);
INSERT INTO test_record VALUES(703,1,19811,2,'lab7','normal',to_date('22-DEC-2011','DD-MON-YYYY'),to_date('22-DEC-2011','DD-MON-YYYY')+11);
INSERT INTO test_record VALUES(704,1,19818,5,'lab6','normal',to_date('21-SEP-2011','DD-MON-YYYY'),to_date('21-SEP-2011','DD-MON-YYYY')+9);
INSERT INTO test_record VALUES(705,1,19803,4,'lab7','normal',to_date('5-MAR-2011','DD-MON-YYYY'),to_date('5-MAR-2011','DD-MON-YYYY')+8);
INSERT INTO test_record VALUES(706,1,19803,3,'lab6','normal',to_date('15-JUL-2011','DD-MON-YYYY'),to_date('15-JUL-2011','DD-MON-YYYY')+11);
INSERT INTO test_record VALUES(707,1,19817,4,'lab3','normal',to_date('1-APR-2012','DD-MON-YYYY'),to_date('1-APR-2012','DD-MON-YYYY')+9);
INSERT INTO test_record VALUES(708,1,19811,4,'lab6','normal',to_date('4-OCT-2012','DD-MON-YYYY'),to_date('4-OCT-2012','DD-MON-YYYY')+9);
INSERT INTO test_record VALUES(709,1,19803,3,'lab4','normal',to_date('15-SEP-2012','DD-MON-YYYY'),to_date('15-SEP-2012','DD-MON-YYYY')+8);
INSERT INTO test_record VALUES(710,1,19817,2,'lab5','normal',to_date('19-OCT-2012','DD-MON-YYYY'),to_date('19-OCT-2012','DD-MON-YYYY')+9);
INSERT INTO test_record VALUES(711,1,19801,4,'lab7','normal',to_date('22-JUL-2012','DD-MON-YYYY'),to_date('22-JUL-2012','DD-MON-YYYY')+12);
INSERT INTO test_record VALUES(712,1,19811,3,'lab5','normal',to_date('18-AUG-2013','DD-MON-YYYY'),to_date('18-AUG-2013','DD-MON-YYYY')+12);
INSERT INTO test_record VALUES(713,1,19804,1,'lab6','normal',to_date('14-MAR-2013','DD-MON-YYYY'),to_date('14-MAR-2013','DD-MON-YYYY')+7);
INSERT INTO test_record VALUES(714,1,19807,3,'lab5','normal',to_date('10-APR-2013','DD-MON-YYYY'),to_date('10-APR-2013','DD-MON-YYYY')+11);
INSERT INTO test_record VALUES(715,1,19819,4,'lab3','normal',to_date('6-APR-2013','DD-MON-YYYY'),to_date('6-APR-2013','DD-MON-YYYY')+9);
INSERT INTO test_record VALUES(716,1,19813,1,'lab7','normal',to_date('9-MAR-2013','DD-MON-YYYY'),to_date('9-MAR-2013','DD-MON-YYYY')+7);
INSERT INTO test_record VALUES(717,1,19808,4,'lab5','normal',to_date('8-OCT-2014','DD-MON-YYYY'),to_date('8-OCT-2014','DD-MON-YYYY')+11);
INSERT INTO test_record VALUES(718,1,19815,4,'lab4','normal',to_date('27-SEP-2014','DD-MON-YYYY'),to_date('27-SEP-2014','DD-MON-YYYY')+13);
INSERT INTO test_record VALUES(719,1,19815,2,'lab3','normal',to_date('1-JUL-2014','DD-MON-YYYY'),to_date('1-JUL-2014','DD-MON-YYYY')+13);
INSERT INTO test_record VALUES(720,1,19807,4,'lab3','normal',to_date('27-DEC-2014','DD-MON-YYYY'),to_date('27-DEC-2014','DD-MON-YYYY')+12);
INSERT INTO test_record VALUES(721,1,19812,2,'lab7','normal',to_date('5-OCT-2014','DD-MON-YYYY'),to_date('5-OCT-2014','DD-MON-YYYY')+7);
INSERT INTO test_record VALUES(722,1,19920,4,'lab7','normal',to_date('9-FEB-2010','DD-MON-YYYY'),to_date('9-FEB-2010','DD-MON-YYYY')+9);
INSERT INTO test_record VALUES(723,1,19902,3,'lab6','normal',to_date('16-NOV-2010','DD-MON-YYYY'),to_date('16-NOV-2010','DD-MON-YYYY')+9);
INSERT INTO test_record VALUES(724,1,19902,2,'lab6','normal',to_date('26-DEC-2010','DD-MON-YYYY'),to_date('26-DEC-2010','DD-MON-YYYY')+10);
INSERT INTO test_record VALUES(725,1,19920,5,'lab6','normal',to_date('21-JUN-2010','DD-MON-YYYY'),to_date('21-JUN-2010','DD-MON-YYYY')+12);
INSERT INTO test_record VALUES(726,1,19920,3,'lab5','normal',to_date('23-MAR-2010','DD-MON-YYYY'),to_date('23-MAR-2010','DD-MON-YYYY')+7);
INSERT INTO test_record VALUES(727,1,19908,2,'lab3','normal',to_date('24-NOV-2011','DD-MON-YYYY'),to_date('24-NOV-2011','DD-MON-YYYY')+9);
INSERT INTO test_record VALUES(728,1,19921,1,'lab6','normal',to_date('12-APR-2011','DD-MON-YYYY'),to_date('12-APR-2011','DD-MON-YYYY')+11);
INSERT INTO test_record VALUES(729,1,19914,3,'lab7','normal',to_date('27-NOV-2011','DD-MON-YYYY'),to_date('27-NOV-2011','DD-MON-YYYY')+10);
INSERT INTO test_record VALUES(730,1,19918,4,'lab4','normal',to_date('10-DEC-2011','DD-MON-YYYY'),to_date('10-DEC-2011','DD-MON-YYYY')+8);
INSERT INTO test_record VALUES(731,1,19919,4,'lab7','normal',to_date('16-APR-2011','DD-MON-YYYY'),to_date('16-APR-2011','DD-MON-YYYY')+12);
INSERT INTO test_record VALUES(732,1,19904,4,'lab7','normal',to_date('25-NOV-2012','DD-MON-YYYY'),to_date('25-NOV-2012','DD-MON-YYYY')+10);
INSERT INTO test_record VALUES(733,1,19920,2,'lab3','normal',to_date('24-MAY-2012','DD-MON-YYYY'),to_date('24-MAY-2012','DD-MON-YYYY')+10);
INSERT INTO test_record VALUES(734,1,19922,1,'lab3','normal',to_date('16-NOV-2012','DD-MON-YYYY'),to_date('16-NOV-2012','DD-MON-YYYY')+7);
INSERT INTO test_record VALUES(735,1,19900,2,'lab5','normal',to_date('19-JUL-2012','DD-MON-YYYY'),to_date('19-JUL-2012','DD-MON-YYYY')+12);
INSERT INTO test_record VALUES(736,1,19906,4,'lab4','normal',to_date('18-MAR-2012','DD-MON-YYYY'),to_date('18-MAR-2012','DD-MON-YYYY')+12);
INSERT INTO test_record VALUES(737,1,19914,1,'lab3','normal',to_date('7-OCT-2013','DD-MON-YYYY'),to_date('7-OCT-2013','DD-MON-YYYY')+10);
INSERT INTO test_record VALUES(738,1,19919,5,'lab4','normal',to_date('1-JUN-2013','DD-MON-YYYY'),to_date('1-JUN-2013','DD-MON-YYYY')+7);
INSERT INTO test_record VALUES(739,1,19916,3,'lab4','normal',to_date('6-APR-2013','DD-MON-YYYY'),to_date('6-APR-2013','DD-MON-YYYY')+8);
INSERT INTO test_record VALUES(740,1,19903,2,'lab6','normal',to_date('25-SEP-2013','DD-MON-YYYY'),to_date('25-SEP-2013','DD-MON-YYYY')+8);
INSERT INTO test_record VALUES(741,1,19919,5,'lab4','normal',to_date('25-FEB-2013','DD-MON-YYYY'),to_date('25-FEB-2013','DD-MON-YYYY')+13);
INSERT INTO test_record VALUES(742,1,19916,5,'lab6','normal',to_date('4-NOV-2014','DD-MON-YYYY'),to_date('4-NOV-2014','DD-MON-YYYY')+11);
INSERT INTO test_record VALUES(743,1,19910,4,'lab5','normal',to_date('15-DEC-2014','DD-MON-YYYY'),to_date('15-DEC-2014','DD-MON-YYYY')+10);
INSERT INTO test_record VALUES(744,1,19902,4,'lab3','normal',to_date('24-DEC-2014','DD-MON-YYYY'),to_date('24-DEC-2014','DD-MON-YYYY')+8);
INSERT INTO test_record VALUES(745,1,19919,2,'lab7','normal',to_date('5-JUL-2014','DD-MON-YYYY'),to_date('5-JUL-2014','DD-MON-YYYY')+8);
INSERT INTO test_record VALUES(746,1,19909,2,'lab7','normal',to_date('11-DEC-2014','DD-MON-YYYY'),to_date('11-DEC-2014','DD-MON-YYYY')+7);
INSERT INTO test_record VALUES(747,2,19502,5,'lab7','abnormal',to_date('26-MAR-2010','DD-MON-YYYY'),to_date('26-MAR-2010','DD-MON-YYYY')+8);
INSERT INTO test_record VALUES(748,2,19503,3,'lab5','abnormal',to_date('27-OCT-2010','DD-MON-YYYY'),to_date('27-OCT-2010','DD-MON-YYYY')+7);
INSERT INTO test_record VALUES(749,2,19501,5,'lab5','abnormal',to_date('4-FEB-2010','DD-MON-YYYY'),to_date('4-FEB-2010','DD-MON-YYYY')+8);
INSERT INTO test_record VALUES(750,2,19504,4,'lab7','normal',to_date('27-AUG-2010','DD-MON-YYYY'),to_date('27-AUG-2010','DD-MON-YYYY')+11);
INSERT INTO test_record VALUES(751,2,19502,5,'lab4','normal',to_date('11-FEB-2010','DD-MON-YYYY'),to_date('11-FEB-2010','DD-MON-YYYY')+11);
INSERT INTO test_record VALUES(752,2,19503,3,'lab5','normal',to_date('25-NOV-2011','DD-MON-YYYY'),to_date('25-NOV-2011','DD-MON-YYYY')+7);
INSERT INTO test_record VALUES(753,2,19500,5,'lab5','normal',to_date('27-SEP-2011','DD-MON-YYYY'),to_date('27-SEP-2011','DD-MON-YYYY')+12);
INSERT INTO test_record VALUES(754,2,19504,2,'lab7','normal',to_date('4-DEC-2011','DD-MON-YYYY'),to_date('4-DEC-2011','DD-MON-YYYY')+12);
INSERT INTO test_record VALUES(755,2,19502,3,'lab3','normal',to_date('15-SEP-2011','DD-MON-YYYY'),to_date('15-SEP-2011','DD-MON-YYYY')+7);
INSERT INTO test_record VALUES(756,2,19504,2,'lab3','normal',to_date('16-MAR-2011','DD-MON-YYYY'),to_date('16-MAR-2011','DD-MON-YYYY')+10);
INSERT INTO test_record VALUES(757,2,19501,1,'lab7','normal',to_date('2-APR-2012','DD-MON-YYYY'),to_date('2-APR-2012','DD-MON-YYYY')+9);
INSERT INTO test_record VALUES(758,2,19501,4,'lab6','normal',to_date('7-FEB-2012','DD-MON-YYYY'),to_date('7-FEB-2012','DD-MON-YYYY')+13);
INSERT INTO test_record VALUES(759,2,19501,1,'lab7','abnormal',to_date('12-MAR-2012','DD-MON-YYYY'),to_date('12-MAR-2012','DD-MON-YYYY')+7);
INSERT INTO test_record VALUES(760,2,19501,1,'lab3','abnormal',to_date('14-NOV-2012','DD-MON-YYYY'),to_date('14-NOV-2012','DD-MON-YYYY')+9);
INSERT INTO test_record VALUES(761,2,19504,4,'lab6','normal',to_date('24-MAR-2012','DD-MON-YYYY'),to_date('24-MAR-2012','DD-MON-YYYY')+11);
INSERT INTO test_record VALUES(762,2,19501,3,'lab3','normal',to_date('7-JUN-2013','DD-MON-YYYY'),to_date('7-JUN-2013','DD-MON-YYYY')+7);
INSERT INTO test_record VALUES(763,2,19504,4,'lab6','abnormal',to_date('4-SEP-2013','DD-MON-YYYY'),to_date('4-SEP-2013','DD-MON-YYYY')+10);
INSERT INTO test_record VALUES(764,2,19501,5,'lab3','normal',to_date('22-AUG-2013','DD-MON-YYYY'),to_date('22-AUG-2013','DD-MON-YYYY')+9);
INSERT INTO test_record VALUES(765,2,19500,4,'lab4','normal',to_date('4-AUG-2013','DD-MON-YYYY'),to_date('4-AUG-2013','DD-MON-YYYY')+13);
INSERT INTO test_record VALUES(766,2,19504,2,'lab5','abnormal',to_date('25-APR-2013','DD-MON-YYYY'),to_date('25-APR-2013','DD-MON-YYYY')+11);
INSERT INTO test_record VALUES(767,2,19503,2,'lab6','normal',to_date('2-NOV-2014','DD-MON-YYYY'),to_date('2-NOV-2014','DD-MON-YYYY')+9);
INSERT INTO test_record VALUES(768,2,19502,5,'lab6','normal',to_date('12-OCT-2014','DD-MON-YYYY'),to_date('12-OCT-2014','DD-MON-YYYY')+10);
INSERT INTO test_record VALUES(769,2,19500,3,'lab6','abnormal',to_date('10-APR-2014','DD-MON-YYYY'),to_date('10-APR-2014','DD-MON-YYYY')+13);
INSERT INTO test_record VALUES(770,2,19503,1,'lab7','normal',to_date('23-OCT-2014','DD-MON-YYYY'),to_date('23-OCT-2014','DD-MON-YYYY')+13);
INSERT INTO test_record VALUES(771,2,19504,4,'lab3','normal',to_date('22-MAR-2014','DD-MON-YYYY'),to_date('22-MAR-2014','DD-MON-YYYY')+7);
INSERT INTO test_record VALUES(772,2,19600,1,'lab7','normal',to_date('13-JUL-2010','DD-MON-YYYY'),to_date('13-JUL-2010','DD-MON-YYYY')+12);
INSERT INTO test_record VALUES(773,2,19600,3,'lab5','normal',to_date('26-MAY-2010','DD-MON-YYYY'),to_date('26-MAY-2010','DD-MON-YYYY')+13);
INSERT INTO test_record VALUES(774,2,19607,2,'lab5','normal',to_date('2-JUL-2010','DD-MON-YYYY'),to_date('2-JUL-2010','DD-MON-YYYY')+7);
INSERT INTO test_record VALUES(775,2,19604,4,'lab4','normal',to_date('20-MAY-2010','DD-MON-YYYY'),to_date('20-MAY-2010','DD-MON-YYYY')+9);
INSERT INTO test_record VALUES(776,2,19607,4,'lab7','normal',to_date('8-SEP-2010','DD-MON-YYYY'),to_date('8-SEP-2010','DD-MON-YYYY')+8);
INSERT INTO test_record VALUES(777,2,19603,2,'lab6','abnormal',to_date('1-JUN-2011','DD-MON-YYYY'),to_date('1-JUN-2011','DD-MON-YYYY')+10);
INSERT INTO test_record VALUES(778,2,19605,1,'lab3','normal',to_date('12-FEB-2011','DD-MON-YYYY'),to_date('12-FEB-2011','DD-MON-YYYY')+12);
INSERT INTO test_record VALUES(779,2,19603,1,'lab3','normal',to_date('5-FEB-2011','DD-MON-YYYY'),to_date('5-FEB-2011','DD-MON-YYYY')+13);
INSERT INTO test_record VALUES(780,2,19609,1,'lab5','normal',to_date('18-JUN-2011','DD-MON-YYYY'),to_date('18-JUN-2011','DD-MON-YYYY')+13);
INSERT INTO test_record VALUES(781,2,19601,4,'lab7','normal',to_date('2-AUG-2011','DD-MON-YYYY'),to_date('2-AUG-2011','DD-MON-YYYY')+7);
INSERT INTO test_record VALUES(782,2,19601,3,'lab7','normal',to_date('17-OCT-2012','DD-MON-YYYY'),to_date('17-OCT-2012','DD-MON-YYYY')+11);
INSERT INTO test_record VALUES(783,2,19602,2,'lab7','normal',to_date('15-JUL-2012','DD-MON-YYYY'),to_date('15-JUL-2012','DD-MON-YYYY')+10);
INSERT INTO test_record VALUES(784,2,19606,4,'lab6','normal',to_date('2-AUG-2012','DD-MON-YYYY'),to_date('2-AUG-2012','DD-MON-YYYY')+10);
INSERT INTO test_record VALUES(785,2,19608,1,'lab6','normal',to_date('4-MAR-2012','DD-MON-YYYY'),to_date('4-MAR-2012','DD-MON-YYYY')+9);
INSERT INTO test_record VALUES(786,2,19607,5,'lab6','normal',to_date('2-MAY-2012','DD-MON-YYYY'),to_date('2-MAY-2012','DD-MON-YYYY')+8);
INSERT INTO test_record VALUES(787,2,19601,2,'lab5','normal',to_date('21-FEB-2013','DD-MON-YYYY'),to_date('21-FEB-2013','DD-MON-YYYY')+10);
INSERT INTO test_record VALUES(788,2,19608,5,'lab6','normal',to_date('9-FEB-2013','DD-MON-YYYY'),to_date('9-FEB-2013','DD-MON-YYYY')+12);
INSERT INTO test_record VALUES(789,2,19608,2,'lab6','normal',to_date('26-NOV-2013','DD-MON-YYYY'),to_date('26-NOV-2013','DD-MON-YYYY')+11);
INSERT INTO test_record VALUES(790,2,19607,3,'lab6','normal',to_date('11-DEC-2013','DD-MON-YYYY'),to_date('11-DEC-2013','DD-MON-YYYY')+8);
INSERT INTO test_record VALUES(791,2,19608,2,'lab4','normal',to_date('4-AUG-2013','DD-MON-YYYY'),to_date('4-AUG-2013','DD-MON-YYYY')+10);
INSERT INTO test_record VALUES(792,2,19606,3,'lab5','abnormal',to_date('14-OCT-2014','DD-MON-YYYY'),to_date('14-OCT-2014','DD-MON-YYYY')+11);
INSERT INTO test_record VALUES(793,2,19609,5,'lab4','normal',to_date('25-MAY-2014','DD-MON-YYYY'),to_date('25-MAY-2014','DD-MON-YYYY')+7);
INSERT INTO test_record VALUES(794,2,19600,5,'lab3','normal',to_date('18-FEB-2014','DD-MON-YYYY'),to_date('18-FEB-2014','DD-MON-YYYY')+12);
INSERT INTO test_record VALUES(795,2,19609,3,'lab5','normal',to_date('20-FEB-2014','DD-MON-YYYY'),to_date('20-FEB-2014','DD-MON-YYYY')+10);
INSERT INTO test_record VALUES(796,2,19608,2,'lab5','normal',to_date('26-AUG-2014','DD-MON-YYYY'),to_date('26-AUG-2014','DD-MON-YYYY')+7);
INSERT INTO test_record VALUES(797,2,19708,4,'lab6','normal',to_date('6-MAR-2010','DD-MON-YYYY'),to_date('6-MAR-2010','DD-MON-YYYY')+7);
INSERT INTO test_record VALUES(798,2,19713,5,'lab5','normal',to_date('5-FEB-2010','DD-MON-YYYY'),to_date('5-FEB-2010','DD-MON-YYYY')+13);
INSERT INTO test_record VALUES(799,2,19706,3,'lab3','normal',to_date('9-OCT-2010','DD-MON-YYYY'),to_date('9-OCT-2010','DD-MON-YYYY')+11);
INSERT INTO test_record VALUES(800,2,19704,4,'lab4','normal',to_date('3-AUG-2010','DD-MON-YYYY'),to_date('3-AUG-2010','DD-MON-YYYY')+12);
INSERT INTO test_record VALUES(801,2,19708,3,'lab3','normal',to_date('24-FEB-2010','DD-MON-YYYY'),to_date('24-FEB-2010','DD-MON-YYYY')+9);
INSERT INTO test_record VALUES(802,2,19710,5,'lab4','normal',to_date('19-JUN-2011','DD-MON-YYYY'),to_date('19-JUN-2011','DD-MON-YYYY')+10);
INSERT INTO test_record VALUES(803,2,19705,1,'lab3','normal',to_date('3-NOV-2011','DD-MON-YYYY'),to_date('3-NOV-2011','DD-MON-YYYY')+11);
INSERT INTO test_record VALUES(804,2,19701,3,'lab3','normal',to_date('13-JUL-2011','DD-MON-YYYY'),to_date('13-JUL-2011','DD-MON-YYYY')+12);
INSERT INTO test_record VALUES(805,2,19712,2,'lab7','normal',to_date('2-SEP-2011','DD-MON-YYYY'),to_date('2-SEP-2011','DD-MON-YYYY')+12);
INSERT INTO test_record VALUES(806,2,19702,2,'lab7','normal',to_date('9-AUG-2011','DD-MON-YYYY'),to_date('9-AUG-2011','DD-MON-YYYY')+12);
INSERT INTO test_record VALUES(807,2,19707,2,'lab5','normal',to_date('24-MAY-2012','DD-MON-YYYY'),to_date('24-MAY-2012','DD-MON-YYYY')+7);
INSERT INTO test_record VALUES(808,2,19703,4,'lab6','normal',to_date('2-DEC-2012','DD-MON-YYYY'),to_date('2-DEC-2012','DD-MON-YYYY')+10);
INSERT INTO test_record VALUES(809,2,19706,5,'lab3','normal',to_date('14-AUG-2012','DD-MON-YYYY'),to_date('14-AUG-2012','DD-MON-YYYY')+8);
INSERT INTO test_record VALUES(810,2,19706,5,'lab5','normal',to_date('15-SEP-2012','DD-MON-YYYY'),to_date('15-SEP-2012','DD-MON-YYYY')+12);
INSERT INTO test_record VALUES(811,2,19707,1,'lab5','normal',to_date('25-APR-2012','DD-MON-YYYY'),to_date('25-APR-2012','DD-MON-YYYY')+8);
INSERT INTO test_record VALUES(812,2,19709,3,'lab7','normal',to_date('18-MAR-2013','DD-MON-YYYY'),to_date('18-MAR-2013','DD-MON-YYYY')+13);
INSERT INTO test_record VALUES(813,2,19701,3,'lab5','abnormal',to_date('13-AUG-2013','DD-MON-YYYY'),to_date('13-AUG-2013','DD-MON-YYYY')+12);
INSERT INTO test_record VALUES(814,2,19705,2,'lab5','normal',to_date('12-MAY-2013','DD-MON-YYYY'),to_date('12-MAY-2013','DD-MON-YYYY')+11);
INSERT INTO test_record VALUES(815,2,19714,2,'lab7','normal',to_date('22-AUG-2013','DD-MON-YYYY'),to_date('22-AUG-2013','DD-MON-YYYY')+13);
INSERT INTO test_record VALUES(816,2,19705,3,'lab3','normal',to_date('5-SEP-2013','DD-MON-YYYY'),to_date('5-SEP-2013','DD-MON-YYYY')+13);
INSERT INTO test_record VALUES(817,2,19702,3,'lab7','normal',to_date('15-MAY-2014','DD-MON-YYYY'),to_date('15-MAY-2014','DD-MON-YYYY')+13);
INSERT INTO test_record VALUES(818,2,19703,3,'lab7','abnormal',to_date('23-NOV-2014','DD-MON-YYYY'),to_date('23-NOV-2014','DD-MON-YYYY')+12);
INSERT INTO test_record VALUES(819,2,19711,5,'lab6','normal',to_date('11-MAY-2014','DD-MON-YYYY'),to_date('11-MAY-2014','DD-MON-YYYY')+12);
INSERT INTO test_record VALUES(820,2,19703,2,'lab6','normal',to_date('5-APR-2014','DD-MON-YYYY'),to_date('5-APR-2014','DD-MON-YYYY')+11);
INSERT INTO test_record VALUES(821,2,19707,1,'lab6','normal',to_date('7-AUG-2014','DD-MON-YYYY'),to_date('7-AUG-2014','DD-MON-YYYY')+9);
INSERT INTO test_record VALUES(822,2,19819,4,'lab6','normal',to_date('2-APR-2010','DD-MON-YYYY'),to_date('2-APR-2010','DD-MON-YYYY')+13);
INSERT INTO test_record VALUES(823,2,19810,1,'lab3','normal',to_date('12-DEC-2010','DD-MON-YYYY'),to_date('12-DEC-2010','DD-MON-YYYY')+9);
INSERT INTO test_record VALUES(824,2,19812,5,'lab7','normal',to_date('15-JUN-2010','DD-MON-YYYY'),to_date('15-JUN-2010','DD-MON-YYYY')+13);
INSERT INTO test_record VALUES(825,2,19809,3,'lab6','normal',to_date('7-SEP-2010','DD-MON-YYYY'),to_date('7-SEP-2010','DD-MON-YYYY')+12);
INSERT INTO test_record VALUES(826,2,19804,4,'lab5','normal',to_date('3-OCT-2010','DD-MON-YYYY'),to_date('3-OCT-2010','DD-MON-YYYY')+9);
INSERT INTO test_record VALUES(827,2,19818,3,'lab4','normal',to_date('11-NOV-2011','DD-MON-YYYY'),to_date('11-NOV-2011','DD-MON-YYYY')+13);
INSERT INTO test_record VALUES(828,2,19816,4,'lab3','normal',to_date('26-JUN-2011','DD-MON-YYYY'),to_date('26-JUN-2011','DD-MON-YYYY')+13);
INSERT INTO test_record VALUES(829,2,19804,5,'lab7','normal',to_date('5-MAY-2011','DD-MON-YYYY'),to_date('5-MAY-2011','DD-MON-YYYY')+9);
INSERT INTO test_record VALUES(830,2,19804,4,'lab7','normal',to_date('4-MAR-2011','DD-MON-YYYY'),to_date('4-MAR-2011','DD-MON-YYYY')+11);
INSERT INTO test_record VALUES(831,2,19819,2,'lab4','normal',to_date('7-APR-2011','DD-MON-YYYY'),to_date('7-APR-2011','DD-MON-YYYY')+9);
INSERT INTO test_record VALUES(832,2,19813,5,'lab3','normal',to_date('25-JUL-2012','DD-MON-YYYY'),to_date('25-JUL-2012','DD-MON-YYYY')+8);
INSERT INTO test_record VALUES(833,2,19808,4,'lab7','normal',to_date('12-NOV-2012','DD-MON-YYYY'),to_date('12-NOV-2012','DD-MON-YYYY')+11);
INSERT INTO test_record VALUES(834,2,19819,1,'lab5','normal',to_date('9-JUL-2012','DD-MON-YYYY'),to_date('9-JUL-2012','DD-MON-YYYY')+12);
INSERT INTO test_record VALUES(835,2,19812,2,'lab3','normal',to_date('4-JUL-2012','DD-MON-YYYY'),to_date('4-JUL-2012','DD-MON-YYYY')+12);
INSERT INTO test_record VALUES(836,2,19815,1,'lab7','normal',to_date('16-OCT-2012','DD-MON-YYYY'),to_date('16-OCT-2012','DD-MON-YYYY')+13);
INSERT INTO test_record VALUES(837,2,19806,3,'lab6','normal',to_date('11-OCT-2013','DD-MON-YYYY'),to_date('11-OCT-2013','DD-MON-YYYY')+11);
INSERT INTO test_record VALUES(838,2,19813,1,'lab3','normal',to_date('24-SEP-2013','DD-MON-YYYY'),to_date('24-SEP-2013','DD-MON-YYYY')+7);
INSERT INTO test_record VALUES(839,2,19805,5,'lab7','normal',to_date('20-SEP-2013','DD-MON-YYYY'),to_date('20-SEP-2013','DD-MON-YYYY')+7);
INSERT INTO test_record VALUES(840,2,19807,5,'lab3','normal',to_date('11-FEB-2013','DD-MON-YYYY'),to_date('11-FEB-2013','DD-MON-YYYY')+9);
INSERT INTO test_record VALUES(841,2,19811,3,'lab6','normal',to_date('23-MAR-2013','DD-MON-YYYY'),to_date('23-MAR-2013','DD-MON-YYYY')+8);
INSERT INTO test_record VALUES(842,2,19810,5,'lab4','normal',to_date('22-AUG-2014','DD-MON-YYYY'),to_date('22-AUG-2014','DD-MON-YYYY')+9);
INSERT INTO test_record VALUES(843,2,19811,5,'lab6','normal',to_date('16-SEP-2014','DD-MON-YYYY'),to_date('16-SEP-2014','DD-MON-YYYY')+12);
INSERT INTO test_record VALUES(844,2,19803,4,'lab7','normal',to_date('1-JUN-2014','DD-MON-YYYY'),to_date('1-JUN-2014','DD-MON-YYYY')+13);
INSERT INTO test_record VALUES(845,2,19810,2,'lab5','normal',to_date('14-MAR-2014','DD-MON-YYYY'),to_date('14-MAR-2014','DD-MON-YYYY')+8);
INSERT INTO test_record VALUES(846,2,19815,4,'lab3','normal',to_date('2-FEB-2014','DD-MON-YYYY'),to_date('2-FEB-2014','DD-MON-YYYY')+7);
INSERT INTO test_record VALUES(847,2,19918,2,'lab4','normal',to_date('26-MAR-2010','DD-MON-YYYY'),to_date('26-MAR-2010','DD-MON-YYYY')+9);
INSERT INTO test_record VALUES(848,2,19913,1,'lab6','normal',to_date('26-JUN-2010','DD-MON-YYYY'),to_date('26-JUN-2010','DD-MON-YYYY')+7);
INSERT INTO test_record VALUES(849,2,19912,3,'lab4','normal',to_date('21-JUN-2010','DD-MON-YYYY'),to_date('21-JUN-2010','DD-MON-YYYY')+11);
INSERT INTO test_record VALUES(850,2,19912,1,'lab4','normal',to_date('18-MAY-2010','DD-MON-YYYY'),to_date('18-MAY-2010','DD-MON-YYYY')+13);
INSERT INTO test_record VALUES(851,2,19916,5,'lab6','normal',to_date('15-MAY-2010','DD-MON-YYYY'),to_date('15-MAY-2010','DD-MON-YYYY')+13);
INSERT INTO test_record VALUES(852,2,19908,3,'lab7','normal',to_date('27-AUG-2011','DD-MON-YYYY'),to_date('27-AUG-2011','DD-MON-YYYY')+8);
INSERT INTO test_record VALUES(853,2,19901,1,'lab7','normal',to_date('26-AUG-2011','DD-MON-YYYY'),to_date('26-AUG-2011','DD-MON-YYYY')+13);
INSERT INTO test_record VALUES(854,2,19915,5,'lab3','normal',to_date('4-APR-2011','DD-MON-YYYY'),to_date('4-APR-2011','DD-MON-YYYY')+12);
INSERT INTO test_record VALUES(855,2,19916,1,'lab7','normal',to_date('16-AUG-2011','DD-MON-YYYY'),to_date('16-AUG-2011','DD-MON-YYYY')+12);
INSERT INTO test_record VALUES(856,2,19913,1,'lab4','normal',to_date('7-DEC-2011','DD-MON-YYYY'),to_date('7-DEC-2011','DD-MON-YYYY')+9);
INSERT INTO test_record VALUES(857,2,19920,4,'lab5','normal',to_date('20-MAY-2012','DD-MON-YYYY'),to_date('20-MAY-2012','DD-MON-YYYY')+11);
INSERT INTO test_record VALUES(858,2,19917,2,'lab6','normal',to_date('26-OCT-2012','DD-MON-YYYY'),to_date('26-OCT-2012','DD-MON-YYYY')+13);
INSERT INTO test_record VALUES(859,2,19901,4,'lab6','normal',to_date('13-DEC-2012','DD-MON-YYYY'),to_date('13-DEC-2012','DD-MON-YYYY')+9);
INSERT INTO test_record VALUES(860,2,19907,5,'lab5','normal',to_date('21-AUG-2012','DD-MON-YYYY'),to_date('21-AUG-2012','DD-MON-YYYY')+13);
INSERT INTO test_record VALUES(861,2,19916,1,'lab4','normal',to_date('22-MAY-2012','DD-MON-YYYY'),to_date('22-MAY-2012','DD-MON-YYYY')+12);
INSERT INTO test_record VALUES(862,2,19913,4,'lab3','normal',to_date('14-AUG-2013','DD-MON-YYYY'),to_date('14-AUG-2013','DD-MON-YYYY')+13);
INSERT INTO test_record VALUES(863,2,19911,3,'lab5','normal',to_date('26-AUG-2013','DD-MON-YYYY'),to_date('26-AUG-2013','DD-MON-YYYY')+13);
INSERT INTO test_record VALUES(864,2,19922,2,'lab4','normal',to_date('24-SEP-2013','DD-MON-YYYY'),to_date('24-SEP-2013','DD-MON-YYYY')+13);
INSERT INTO test_record VALUES(865,2,19920,5,'lab7','normal',to_date('18-MAY-2013','DD-MON-YYYY'),to_date('18-MAY-2013','DD-MON-YYYY')+9);
INSERT INTO test_record VALUES(866,2,19924,3,'lab4','normal',to_date('17-MAR-2013','DD-MON-YYYY'),to_date('17-MAR-2013','DD-MON-YYYY')+7);
INSERT INTO test_record VALUES(867,2,19922,2,'lab7','normal',to_date('24-NOV-2014','DD-MON-YYYY'),to_date('24-NOV-2014','DD-MON-YYYY')+9);
INSERT INTO test_record VALUES(868,2,19922,4,'lab5','normal',to_date('16-MAR-2014','DD-MON-YYYY'),to_date('16-MAR-2014','DD-MON-YYYY')+12);
INSERT INTO test_record VALUES(869,2,19920,4,'lab5','normal',to_date('25-AUG-2014','DD-MON-YYYY'),to_date('25-AUG-2014','DD-MON-YYYY')+9);
INSERT INTO test_record VALUES(870,2,19905,3,'lab4','normal',to_date('14-APR-2014','DD-MON-YYYY'),to_date('14-APR-2014','DD-MON-YYYY')+11);
INSERT INTO test_record VALUES(871,2,19916,3,'lab3','normal',to_date('13-APR-2014','DD-MON-YYYY'),to_date('13-APR-2014','DD-MON-YYYY')+7);
INSERT INTO test_record VALUES(872,3,19502,3,'lab6','normal',to_date('9-JUN-2010','DD-MON-YYYY'),to_date('9-JUN-2010','DD-MON-YYYY')+9);
INSERT INTO test_record VALUES(873,3,19503,3,'lab3','normal',to_date('7-NOV-2010','DD-MON-YYYY'),to_date('7-NOV-2010','DD-MON-YYYY')+12);
INSERT INTO test_record VALUES(874,3,19500,2,'lab3','normal',to_date('11-FEB-2010','DD-MON-YYYY'),to_date('11-FEB-2010','DD-MON-YYYY')+9);
INSERT INTO test_record VALUES(875,3,19500,5,'lab6','abnormal',to_date('12-MAR-2010','DD-MON-YYYY'),to_date('12-MAR-2010','DD-MON-YYYY')+13);
INSERT INTO test_record VALUES(876,3,19502,5,'lab6','abnormal',to_date('27-JUN-2010','DD-MON-YYYY'),to_date('27-JUN-2010','DD-MON-YYYY')+13);
INSERT INTO test_record VALUES(877,3,19502,2,'lab6','abnormal',to_date('25-APR-2011','DD-MON-YYYY'),to_date('25-APR-2011','DD-MON-YYYY')+8);
INSERT INTO test_record VALUES(878,3,19502,3,'lab6','normal',to_date('1-FEB-2011','DD-MON-YYYY'),to_date('1-FEB-2011','DD-MON-YYYY')+13);
INSERT INTO test_record VALUES(879,3,19501,2,'lab5','normal',to_date('15-OCT-2011','DD-MON-YYYY'),to_date('15-OCT-2011','DD-MON-YYYY')+12);
INSERT INTO test_record VALUES(880,3,19502,4,'lab5','abnormal',to_date('2-JUL-2011','DD-MON-YYYY'),to_date('2-JUL-2011','DD-MON-YYYY')+8);
INSERT INTO test_record VALUES(881,3,19504,5,'lab3','abnormal',to_date('14-SEP-2011','DD-MON-YYYY'),to_date('14-SEP-2011','DD-MON-YYYY')+13);
INSERT INTO test_record VALUES(882,3,19503,4,'lab3','normal',to_date('9-NOV-2012','DD-MON-YYYY'),to_date('9-NOV-2012','DD-MON-YYYY')+10);
INSERT INTO test_record VALUES(883,3,19502,4,'lab6','abnormal',to_date('10-JUN-2012','DD-MON-YYYY'),to_date('10-JUN-2012','DD-MON-YYYY')+7);
INSERT INTO test_record VALUES(884,3,19501,2,'lab7','normal',to_date('7-FEB-2012','DD-MON-YYYY'),to_date('7-FEB-2012','DD-MON-YYYY')+7);
INSERT INTO test_record VALUES(885,3,19501,3,'lab3','normal',to_date('20-JUL-2012','DD-MON-YYYY'),to_date('20-JUL-2012','DD-MON-YYYY')+10);
INSERT INTO test_record VALUES(886,3,19500,3,'lab5','normal',to_date('18-MAY-2012','DD-MON-YYYY'),to_date('18-MAY-2012','DD-MON-YYYY')+10);
INSERT INTO test_record VALUES(887,3,19501,2,'lab6','normal',to_date('22-AUG-2013','DD-MON-YYYY'),to_date('22-AUG-2013','DD-MON-YYYY')+9);
INSERT INTO test_record VALUES(888,3,19500,2,'lab6','normal',to_date('17-FEB-2013','DD-MON-YYYY'),to_date('17-FEB-2013','DD-MON-YYYY')+9);
INSERT INTO test_record VALUES(889,3,19502,5,'lab5','normal',to_date('14-DEC-2013','DD-MON-YYYY'),to_date('14-DEC-2013','DD-MON-YYYY')+11);
INSERT INTO test_record VALUES(890,3,19500,3,'lab6','normal',to_date('6-MAY-2013','DD-MON-YYYY'),to_date('6-MAY-2013','DD-MON-YYYY')+12);
INSERT INTO test_record VALUES(891,3,19504,5,'lab7','normal',to_date('6-JUN-2013','DD-MON-YYYY'),to_date('6-JUN-2013','DD-MON-YYYY')+12);
INSERT INTO test_record VALUES(892,3,19503,2,'lab5','normal',to_date('13-FEB-2014','DD-MON-YYYY'),to_date('13-FEB-2014','DD-MON-YYYY')+8);
INSERT INTO test_record VALUES(893,3,19501,4,'lab3','normal',to_date('13-AUG-2014','DD-MON-YYYY'),to_date('13-AUG-2014','DD-MON-YYYY')+12);
INSERT INTO test_record VALUES(894,3,19504,3,'lab3','abnormal',to_date('17-MAR-2014','DD-MON-YYYY'),to_date('17-MAR-2014','DD-MON-YYYY')+12);
INSERT INTO test_record VALUES(895,3,19503,1,'lab5','normal',to_date('9-MAY-2014','DD-MON-YYYY'),to_date('9-MAY-2014','DD-MON-YYYY')+8);
INSERT INTO test_record VALUES(896,3,19502,5,'lab5','normal',to_date('21-AUG-2014','DD-MON-YYYY'),to_date('21-AUG-2014','DD-MON-YYYY')+10);
INSERT INTO test_record VALUES(897,3,19605,5,'lab4','normal',to_date('16-NOV-2010','DD-MON-YYYY'),to_date('16-NOV-2010','DD-MON-YYYY')+11);
INSERT INTO test_record VALUES(898,3,19606,2,'lab5','abnormal',to_date('26-APR-2010','DD-MON-YYYY'),to_date('26-APR-2010','DD-MON-YYYY')+10);
INSERT INTO test_record VALUES(899,3,19609,4,'lab5','normal',to_date('15-AUG-2010','DD-MON-YYYY'),to_date('15-AUG-2010','DD-MON-YYYY')+10);
INSERT INTO test_record VALUES(900,3,19607,1,'lab3','abnormal',to_date('20-MAR-2010','DD-MON-YYYY'),to_date('20-MAR-2010','DD-MON-YYYY')+11);
INSERT INTO test_record VALUES(901,3,19602,5,'lab6','abnormal',to_date('1-MAR-2010','DD-MON-YYYY'),to_date('1-MAR-2010','DD-MON-YYYY')+9);
INSERT INTO test_record VALUES(902,3,19603,2,'lab4','abnormal',to_date('7-NOV-2011','DD-MON-YYYY'),to_date('7-NOV-2011','DD-MON-YYYY')+9);
INSERT INTO test_record VALUES(903,3,19608,2,'lab7','normal',to_date('7-MAR-2011','DD-MON-YYYY'),to_date('7-MAR-2011','DD-MON-YYYY')+7);
INSERT INTO test_record VALUES(904,3,19607,3,'lab3','normal',to_date('3-JUN-2011','DD-MON-YYYY'),to_date('3-JUN-2011','DD-MON-YYYY')+7);
INSERT INTO test_record VALUES(905,3,19605,2,'lab5','normal',to_date('19-SEP-2011','DD-MON-YYYY'),to_date('19-SEP-2011','DD-MON-YYYY')+8);
INSERT INTO test_record VALUES(906,3,19605,1,'lab4','normal',to_date('21-JUN-2011','DD-MON-YYYY'),to_date('21-JUN-2011','DD-MON-YYYY')+9);
INSERT INTO test_record VALUES(907,3,19603,1,'lab6','normal',to_date('15-MAR-2012','DD-MON-YYYY'),to_date('15-MAR-2012','DD-MON-YYYY')+7);
INSERT INTO test_record VALUES(908,3,19608,4,'lab4','normal',to_date('25-SEP-2012','DD-MON-YYYY'),to_date('25-SEP-2012','DD-MON-YYYY')+8);
INSERT INTO test_record VALUES(909,3,19600,3,'lab3','normal',to_date('19-OCT-2012','DD-MON-YYYY'),to_date('19-OCT-2012','DD-MON-YYYY')+12);
INSERT INTO test_record VALUES(910,3,19602,5,'lab5','normal',to_date('23-JUN-2012','DD-MON-YYYY'),to_date('23-JUN-2012','DD-MON-YYYY')+7);
INSERT INTO test_record VALUES(911,3,19601,3,'lab7','normal',to_date('19-FEB-2012','DD-MON-YYYY'),to_date('19-FEB-2012','DD-MON-YYYY')+8);
INSERT INTO test_record VALUES(912,3,19607,5,'lab5','normal',to_date('13-FEB-2013','DD-MON-YYYY'),to_date('13-FEB-2013','DD-MON-YYYY')+13);
INSERT INTO test_record VALUES(913,3,19605,3,'lab6','normal',to_date('23-SEP-2013','DD-MON-YYYY'),to_date('23-SEP-2013','DD-MON-YYYY')+8);
INSERT INTO test_record VALUES(914,3,19605,5,'lab7','normal',to_date('27-APR-2013','DD-MON-YYYY'),to_date('27-APR-2013','DD-MON-YYYY')+12);
INSERT INTO test_record VALUES(915,3,19609,5,'lab5','normal',to_date('5-SEP-2013','DD-MON-YYYY'),to_date('5-SEP-2013','DD-MON-YYYY')+7);
INSERT INTO test_record VALUES(916,3,19609,2,'lab5','normal',to_date('7-JUL-2013','DD-MON-YYYY'),to_date('7-JUL-2013','DD-MON-YYYY')+11);
INSERT INTO test_record VALUES(917,3,19602,1,'lab4','normal',to_date('1-DEC-2014','DD-MON-YYYY'),to_date('1-DEC-2014','DD-MON-YYYY')+12);
INSERT INTO test_record VALUES(918,3,19606,1,'lab3','abnormal',to_date('27-DEC-2014','DD-MON-YYYY'),to_date('27-DEC-2014','DD-MON-YYYY')+9);
INSERT INTO test_record VALUES(919,3,19601,5,'lab6','normal',to_date('11-FEB-2014','DD-MON-YYYY'),to_date('11-FEB-2014','DD-MON-YYYY')+7);
INSERT INTO test_record VALUES(920,3,19606,5,'lab6','normal',to_date('13-SEP-2014','DD-MON-YYYY'),to_date('13-SEP-2014','DD-MON-YYYY')+9);
INSERT INTO test_record VALUES(921,3,19606,3,'lab6','normal',to_date('25-SEP-2014','DD-MON-YYYY'),to_date('25-SEP-2014','DD-MON-YYYY')+7);
INSERT INTO test_record VALUES(922,3,19703,4,'lab3','normal',to_date('12-OCT-2010','DD-MON-YYYY'),to_date('12-OCT-2010','DD-MON-YYYY')+7);
INSERT INTO test_record VALUES(923,3,19700,5,'lab6','normal',to_date('14-APR-2010','DD-MON-YYYY'),to_date('14-APR-2010','DD-MON-YYYY')+7);
INSERT INTO test_record VALUES(924,3,19713,4,'lab7','normal',to_date('11-AUG-2010','DD-MON-YYYY'),to_date('11-AUG-2010','DD-MON-YYYY')+10);
INSERT INTO test_record VALUES(925,3,19707,3,'lab4','normal',to_date('3-APR-2010','DD-MON-YYYY'),to_date('3-APR-2010','DD-MON-YYYY')+9);
INSERT INTO test_record VALUES(926,3,19705,3,'lab5','normal',to_date('14-JUL-2010','DD-MON-YYYY'),to_date('14-JUL-2010','DD-MON-YYYY')+11);
INSERT INTO test_record VALUES(927,3,19709,4,'lab3','normal',to_date('2-AUG-2011','DD-MON-YYYY'),to_date('2-AUG-2011','DD-MON-YYYY')+8);
INSERT INTO test_record VALUES(928,3,19712,2,'lab4','normal',to_date('23-MAY-2011','DD-MON-YYYY'),to_date('23-MAY-2011','DD-MON-YYYY')+10);
INSERT INTO test_record VALUES(929,3,19712,4,'lab6','normal',to_date('17-JUN-2011','DD-MON-YYYY'),to_date('17-JUN-2011','DD-MON-YYYY')+8);
INSERT INTO test_record VALUES(930,3,19709,4,'lab7','abnormal',to_date('11-JUN-2011','DD-MON-YYYY'),to_date('11-JUN-2011','DD-MON-YYYY')+11);
INSERT INTO test_record VALUES(931,3,19702,5,'lab7','abnormal',to_date('19-JUN-2011','DD-MON-YYYY'),to_date('19-JUN-2011','DD-MON-YYYY')+9);
INSERT INTO test_record VALUES(932,3,19700,2,'lab5','normal',to_date('24-MAY-2012','DD-MON-YYYY'),to_date('24-MAY-2012','DD-MON-YYYY')+13);
INSERT INTO test_record VALUES(933,3,19708,4,'lab6','normal',to_date('20-JUL-2012','DD-MON-YYYY'),to_date('20-JUL-2012','DD-MON-YYYY')+9);
INSERT INTO test_record VALUES(934,3,19713,5,'lab4','normal',to_date('4-JUN-2012','DD-MON-YYYY'),to_date('4-JUN-2012','DD-MON-YYYY')+9);
INSERT INTO test_record VALUES(935,3,19706,3,'lab4','normal',to_date('10-JUN-2012','DD-MON-YYYY'),to_date('10-JUN-2012','DD-MON-YYYY')+12);
INSERT INTO test_record VALUES(936,3,19710,3,'lab5','normal',to_date('25-MAY-2012','DD-MON-YYYY'),to_date('25-MAY-2012','DD-MON-YYYY')+10);
INSERT INTO test_record VALUES(937,3,19705,2,'lab3','abnormal',to_date('14-SEP-2013','DD-MON-YYYY'),to_date('14-SEP-2013','DD-MON-YYYY')+12);
INSERT INTO test_record VALUES(938,3,19706,4,'lab4','normal',to_date('9-JUL-2013','DD-MON-YYYY'),to_date('9-JUL-2013','DD-MON-YYYY')+7);
INSERT INTO test_record VALUES(939,3,19710,1,'lab6','normal',to_date('15-MAY-2013','DD-MON-YYYY'),to_date('15-MAY-2013','DD-MON-YYYY')+9);
INSERT INTO test_record VALUES(940,3,19704,2,'lab7','normal',to_date('5-OCT-2013','DD-MON-YYYY'),to_date('5-OCT-2013','DD-MON-YYYY')+12);
INSERT INTO test_record VALUES(941,3,19711,5,'lab6','abnormal',to_date('26-NOV-2013','DD-MON-YYYY'),to_date('26-NOV-2013','DD-MON-YYYY')+12);
INSERT INTO test_record VALUES(942,3,19708,3,'lab5','normal',to_date('16-AUG-2014','DD-MON-YYYY'),to_date('16-AUG-2014','DD-MON-YYYY')+8);
INSERT INTO test_record VALUES(943,3,19706,5,'lab6','normal',to_date('21-SEP-2014','DD-MON-YYYY'),to_date('21-SEP-2014','DD-MON-YYYY')+12);
INSERT INTO test_record VALUES(944,3,19713,2,'lab3','normal',to_date('10-FEB-2014','DD-MON-YYYY'),to_date('10-FEB-2014','DD-MON-YYYY')+9);
INSERT INTO test_record VALUES(945,3,19713,4,'lab5','normal',to_date('23-DEC-2014','DD-MON-YYYY'),to_date('23-DEC-2014','DD-MON-YYYY')+11);
INSERT INTO test_record VALUES(946,3,19707,5,'lab7','normal',to_date('21-NOV-2014','DD-MON-YYYY'),to_date('21-NOV-2014','DD-MON-YYYY')+12);
INSERT INTO test_record VALUES(947,3,19804,1,'lab3','normal',to_date('24-DEC-2010','DD-MON-YYYY'),to_date('24-DEC-2010','DD-MON-YYYY')+9);
INSERT INTO test_record VALUES(948,3,19810,2,'lab3','normal',to_date('7-SEP-2010','DD-MON-YYYY'),to_date('7-SEP-2010','DD-MON-YYYY')+12);
INSERT INTO test_record VALUES(949,3,19802,5,'lab5','normal',to_date('8-APR-2010','DD-MON-YYYY'),to_date('8-APR-2010','DD-MON-YYYY')+9);
INSERT INTO test_record VALUES(950,3,19819,4,'lab5','normal',to_date('3-FEB-2010','DD-MON-YYYY'),to_date('3-FEB-2010','DD-MON-YYYY')+8);
INSERT INTO test_record VALUES(951,3,19804,3,'lab3','normal',to_date('4-OCT-2010','DD-MON-YYYY'),to_date('4-OCT-2010','DD-MON-YYYY')+13);
INSERT INTO test_record VALUES(952,3,19813,4,'lab5','normal',to_date('5-APR-2011','DD-MON-YYYY'),to_date('5-APR-2011','DD-MON-YYYY')+7);
INSERT INTO test_record VALUES(953,3,19809,5,'lab4','normal',to_date('4-APR-2011','DD-MON-YYYY'),to_date('4-APR-2011','DD-MON-YYYY')+7);
INSERT INTO test_record VALUES(954,3,19808,5,'lab4','normal',to_date('6-AUG-2011','DD-MON-YYYY'),to_date('6-AUG-2011','DD-MON-YYYY')+12);
INSERT INTO test_record VALUES(955,3,19812,5,'lab3','normal',to_date('18-FEB-2011','DD-MON-YYYY'),to_date('18-FEB-2011','DD-MON-YYYY')+13);
INSERT INTO test_record VALUES(956,3,19817,2,'lab6','normal',to_date('1-SEP-2011','DD-MON-YYYY'),to_date('1-SEP-2011','DD-MON-YYYY')+12);
INSERT INTO test_record VALUES(957,3,19807,4,'lab5','normal',to_date('26-OCT-2012','DD-MON-YYYY'),to_date('26-OCT-2012','DD-MON-YYYY')+9);
INSERT INTO test_record VALUES(958,3,19804,3,'lab5','normal',to_date('26-MAY-2012','DD-MON-YYYY'),to_date('26-MAY-2012','DD-MON-YYYY')+9);
INSERT INTO test_record VALUES(959,3,19800,2,'lab7','normal',to_date('15-DEC-2012','DD-MON-YYYY'),to_date('15-DEC-2012','DD-MON-YYYY')+8);
INSERT INTO test_record VALUES(960,3,19815,3,'lab6','normal',to_date('12-MAR-2012','DD-MON-YYYY'),to_date('12-MAR-2012','DD-MON-YYYY')+13);
INSERT INTO test_record VALUES(961,3,19803,1,'lab4','normal',to_date('22-NOV-2012','DD-MON-YYYY'),to_date('22-NOV-2012','DD-MON-YYYY')+11);
INSERT INTO test_record VALUES(962,3,19800,4,'lab4','normal',to_date('15-SEP-2013','DD-MON-YYYY'),to_date('15-SEP-2013','DD-MON-YYYY')+13);
INSERT INTO test_record VALUES(963,3,19805,5,'lab6','normal',to_date('19-JUL-2013','DD-MON-YYYY'),to_date('19-JUL-2013','DD-MON-YYYY')+12);
INSERT INTO test_record VALUES(964,3,19806,4,'lab7','normal',to_date('25-MAR-2013','DD-MON-YYYY'),to_date('25-MAR-2013','DD-MON-YYYY')+8);
INSERT INTO test_record VALUES(965,3,19813,3,'lab4','normal',to_date('20-JUN-2013','DD-MON-YYYY'),to_date('20-JUN-2013','DD-MON-YYYY')+7);
INSERT INTO test_record VALUES(966,3,19811,1,'lab5','normal',to_date('25-AUG-2013','DD-MON-YYYY'),to_date('25-AUG-2013','DD-MON-YYYY')+10);
INSERT INTO test_record VALUES(967,3,19802,1,'lab4','normal',to_date('9-MAR-2014','DD-MON-YYYY'),to_date('9-MAR-2014','DD-MON-YYYY')+7);
INSERT INTO test_record VALUES(968,3,19814,4,'lab4','normal',to_date('14-APR-2014','DD-MON-YYYY'),to_date('14-APR-2014','DD-MON-YYYY')+13);
INSERT INTO test_record VALUES(969,3,19814,3,'lab4','normal',to_date('27-SEP-2014','DD-MON-YYYY'),to_date('27-SEP-2014','DD-MON-YYYY')+13);
INSERT INTO test_record VALUES(970,3,19806,3,'lab6','normal',to_date('12-FEB-2014','DD-MON-YYYY'),to_date('12-FEB-2014','DD-MON-YYYY')+13);
INSERT INTO test_record VALUES(971,3,19816,1,'lab6','normal',to_date('15-JUN-2014','DD-MON-YYYY'),to_date('15-JUN-2014','DD-MON-YYYY')+7);
INSERT INTO test_record VALUES(972,3,19916,1,'lab5','normal',to_date('5-FEB-2010','DD-MON-YYYY'),to_date('5-FEB-2010','DD-MON-YYYY')+11);
INSERT INTO test_record VALUES(973,3,19923,3,'lab6','normal',to_date('25-SEP-2010','DD-MON-YYYY'),to_date('25-SEP-2010','DD-MON-YYYY')+11);
INSERT INTO test_record VALUES(974,3,19915,5,'lab5','normal',to_date('20-OCT-2010','DD-MON-YYYY'),to_date('20-OCT-2010','DD-MON-YYYY')+10);
INSERT INTO test_record VALUES(975,3,19901,5,'lab6','normal',to_date('2-FEB-2010','DD-MON-YYYY'),to_date('2-FEB-2010','DD-MON-YYYY')+10);
INSERT INTO test_record VALUES(976,3,19911,1,'lab7','normal',to_date('16-JUN-2010','DD-MON-YYYY'),to_date('16-JUN-2010','DD-MON-YYYY')+13);
INSERT INTO test_record VALUES(977,3,19915,1,'lab3','normal',to_date('17-JUN-2011','DD-MON-YYYY'),to_date('17-JUN-2011','DD-MON-YYYY')+11);
INSERT INTO test_record VALUES(978,3,19907,5,'lab6','normal',to_date('4-OCT-2011','DD-MON-YYYY'),to_date('4-OCT-2011','DD-MON-YYYY')+8);
INSERT INTO test_record VALUES(979,3,19905,4,'lab6','normal',to_date('8-SEP-2011','DD-MON-YYYY'),to_date('8-SEP-2011','DD-MON-YYYY')+11);
INSERT INTO test_record VALUES(980,3,19914,5,'lab6','normal',to_date('21-APR-2011','DD-MON-YYYY'),to_date('21-APR-2011','DD-MON-YYYY')+8);
INSERT INTO test_record VALUES(981,3,19912,5,'lab7','normal',to_date('19-APR-2011','DD-MON-YYYY'),to_date('19-APR-2011','DD-MON-YYYY')+8);
INSERT INTO test_record VALUES(982,3,19909,2,'lab3','normal',to_date('20-NOV-2012','DD-MON-YYYY'),to_date('20-NOV-2012','DD-MON-YYYY')+11);
INSERT INTO test_record VALUES(983,3,19907,3,'lab6','normal',to_date('18-NOV-2012','DD-MON-YYYY'),to_date('18-NOV-2012','DD-MON-YYYY')+11);
INSERT INTO test_record VALUES(984,3,19914,2,'lab4','normal',to_date('19-APR-2012','DD-MON-YYYY'),to_date('19-APR-2012','DD-MON-YYYY')+13);
INSERT INTO test_record VALUES(985,3,19908,4,'lab5','normal',to_date('7-NOV-2012','DD-MON-YYYY'),to_date('7-NOV-2012','DD-MON-YYYY')+10);
INSERT INTO test_record VALUES(986,3,19911,4,'lab5','normal',to_date('6-JUN-2012','DD-MON-YYYY'),to_date('6-JUN-2012','DD-MON-YYYY')+10);
INSERT INTO test_record VALUES(987,3,19905,1,'lab4','normal',to_date('22-MAR-2013','DD-MON-YYYY'),to_date('22-MAR-2013','DD-MON-YYYY')+13);
INSERT INTO test_record VALUES(988,3,19902,5,'lab5','normal',to_date('9-SEP-2013','DD-MON-YYYY'),to_date('9-SEP-2013','DD-MON-YYYY')+10);
INSERT INTO test_record VALUES(989,3,19911,3,'lab3','normal',to_date('7-MAR-2013','DD-MON-YYYY'),to_date('7-MAR-2013','DD-MON-YYYY')+11);
INSERT INTO test_record VALUES(990,3,19923,3,'lab4','normal',to_date('18-OCT-2013','DD-MON-YYYY'),to_date('18-OCT-2013','DD-MON-YYYY')+8);
INSERT INTO test_record VALUES(991,3,19905,3,'lab4','normal',to_date('11-NOV-2013','DD-MON-YYYY'),to_date('11-NOV-2013','DD-MON-YYYY')+7);
INSERT INTO test_record VALUES(992,3,19908,5,'lab3','normal',to_date('20-FEB-2014','DD-MON-YYYY'),to_date('20-FEB-2014','DD-MON-YYYY')+9);
INSERT INTO test_record VALUES(993,3,19923,1,'lab7','normal',to_date('6-MAR-2014','DD-MON-YYYY'),to_date('6-MAR-2014','DD-MON-YYYY')+10);
INSERT INTO test_record VALUES(994,3,19907,4,'lab3','normal',to_date('24-SEP-2014','DD-MON-YYYY'),to_date('24-SEP-2014','DD-MON-YYYY')+9);
INSERT INTO test_record VALUES(995,3,19908,4,'lab7','normal',to_date('5-NOV-2014','DD-MON-YYYY'),to_date('5-NOV-2014','DD-MON-YYYY')+10);
INSERT INTO test_record VALUES(996,3,19900,5,'lab4','normal',to_date('15-JUN-2014','DD-MON-YYYY'),to_date('15-JUN-2014','DD-MON-YYYY')+10);
INSERT INTO test_record VALUES(997,4,19502,1,'lab6','normal',to_date('19-APR-2010','DD-MON-YYYY'),to_date('19-APR-2010','DD-MON-YYYY')+12);
INSERT INTO test_record VALUES(998,4,19501,3,'lab3','normal',to_date('14-FEB-2010','DD-MON-YYYY'),to_date('14-FEB-2010','DD-MON-YYYY')+12);
INSERT INTO test_record VALUES(999,4,19503,4,'lab7','normal',to_date('23-MAR-2010','DD-MON-YYYY'),to_date('23-MAR-2010','DD-MON-YYYY')+7);
INSERT INTO test_record VALUES(1000,4,19504,4,'lab3','abnormal',to_date('15-DEC-2010','DD-MON-YYYY'),to_date('15-DEC-2010','DD-MON-YYYY')+11);
INSERT INTO test_record VALUES(1001,4,19500,5,'lab3','normal',to_date('21-JUL-2010','DD-MON-YYYY'),to_date('21-JUL-2010','DD-MON-YYYY')+12);
INSERT INTO test_record VALUES(1002,4,19501,2,'lab5','normal',to_date('10-MAY-2011','DD-MON-YYYY'),to_date('10-MAY-2011','DD-MON-YYYY')+8);
INSERT INTO test_record VALUES(1003,4,19501,5,'lab4','normal',to_date('3-MAY-2011','DD-MON-YYYY'),to_date('3-MAY-2011','DD-MON-YYYY')+8);
INSERT INTO test_record VALUES(1004,4,19504,4,'lab6','normal',to_date('25-MAR-2011','DD-MON-YYYY'),to_date('25-MAR-2011','DD-MON-YYYY')+9);
INSERT INTO test_record VALUES(1005,4,19503,3,'lab6','normal',to_date('12-AUG-2011','DD-MON-YYYY'),to_date('12-AUG-2011','DD-MON-YYYY')+11);
INSERT INTO test_record VALUES(1006,4,19500,5,'lab7','abnormal',to_date('16-JUN-2011','DD-MON-YYYY'),to_date('16-JUN-2011','DD-MON-YYYY')+13);
INSERT INTO test_record VALUES(1007,4,19504,3,'lab7','normal',to_date('13-APR-2012','DD-MON-YYYY'),to_date('13-APR-2012','DD-MON-YYYY')+9);
INSERT INTO test_record VALUES(1008,4,19504,1,'lab4','normal',to_date('22-JUN-2012','DD-MON-YYYY'),to_date('22-JUN-2012','DD-MON-YYYY')+13);
INSERT INTO test_record VALUES(1009,4,19504,3,'lab7','normal',to_date('7-MAR-2012','DD-MON-YYYY'),to_date('7-MAR-2012','DD-MON-YYYY')+9);
INSERT INTO test_record VALUES(1010,4,19503,5,'lab3','normal',to_date('17-MAY-2012','DD-MON-YYYY'),to_date('17-MAY-2012','DD-MON-YYYY')+9);
INSERT INTO test_record VALUES(1011,4,19502,4,'lab6','normal',to_date('3-JUL-2012','DD-MON-YYYY'),to_date('3-JUL-2012','DD-MON-YYYY')+12);
INSERT INTO test_record VALUES(1012,4,19504,4,'lab3','normal',to_date('5-FEB-2013','DD-MON-YYYY'),to_date('5-FEB-2013','DD-MON-YYYY')+7);
INSERT INTO test_record VALUES(1013,4,19501,5,'lab6','abnormal',to_date('12-OCT-2013','DD-MON-YYYY'),to_date('12-OCT-2013','DD-MON-YYYY')+11);
INSERT INTO test_record VALUES(1014,4,19504,2,'lab3','abnormal',to_date('2-JUN-2013','DD-MON-YYYY'),to_date('2-JUN-2013','DD-MON-YYYY')+10);
INSERT INTO test_record VALUES(1015,4,19501,1,'lab3','abnormal',to_date('9-OCT-2013','DD-MON-YYYY'),to_date('9-OCT-2013','DD-MON-YYYY')+11);
INSERT INTO test_record VALUES(1016,4,19500,5,'lab5','normal',to_date('14-APR-2013','DD-MON-YYYY'),to_date('14-APR-2013','DD-MON-YYYY')+10);
INSERT INTO test_record VALUES(1017,4,19504,1,'lab4','normal',to_date('10-SEP-2014','DD-MON-YYYY'),to_date('10-SEP-2014','DD-MON-YYYY')+8);
INSERT INTO test_record VALUES(1018,4,19503,2,'lab6','abnormal',to_date('14-SEP-2014','DD-MON-YYYY'),to_date('14-SEP-2014','DD-MON-YYYY')+11);
INSERT INTO test_record VALUES(1019,4,19502,1,'lab7','normal',to_date('16-NOV-2014','DD-MON-YYYY'),to_date('16-NOV-2014','DD-MON-YYYY')+9);
INSERT INTO test_record VALUES(1020,4,19502,5,'lab3','normal',to_date('10-NOV-2014','DD-MON-YYYY'),to_date('10-NOV-2014','DD-MON-YYYY')+12);
INSERT INTO test_record VALUES(1021,4,19502,5,'lab6','abnormal',to_date('25-DEC-2014','DD-MON-YYYY'),to_date('25-DEC-2014','DD-MON-YYYY')+10);
INSERT INTO test_record VALUES(1022,4,19603,1,'lab6','normal',to_date('14-JUN-2010','DD-MON-YYYY'),to_date('14-JUN-2010','DD-MON-YYYY')+11);
INSERT INTO test_record VALUES(1023,4,19607,1,'lab4','normal',to_date('9-APR-2010','DD-MON-YYYY'),to_date('9-APR-2010','DD-MON-YYYY')+9);
INSERT INTO test_record VALUES(1024,4,19601,1,'lab7','abnormal',to_date('12-APR-2010','DD-MON-YYYY'),to_date('12-APR-2010','DD-MON-YYYY')+8);
INSERT INTO test_record VALUES(1025,4,19605,5,'lab4','normal',to_date('20-MAR-2010','DD-MON-YYYY'),to_date('20-MAR-2010','DD-MON-YYYY')+13);
INSERT INTO test_record VALUES(1026,4,19601,2,'lab4','normal',to_date('24-FEB-2010','DD-MON-YYYY'),to_date('24-FEB-2010','DD-MON-YYYY')+7);
INSERT INTO test_record VALUES(1027,4,19605,5,'lab4','normal',to_date('1-AUG-2011','DD-MON-YYYY'),to_date('1-AUG-2011','DD-MON-YYYY')+13);
INSERT INTO test_record VALUES(1028,4,19601,3,'lab3','normal',to_date('12-FEB-2011','DD-MON-YYYY'),to_date('12-FEB-2011','DD-MON-YYYY')+13);
INSERT INTO test_record VALUES(1029,4,19608,3,'lab7','normal',to_date('18-JUL-2011','DD-MON-YYYY'),to_date('18-JUL-2011','DD-MON-YYYY')+11);
INSERT INTO test_record VALUES(1030,4,19608,1,'lab6','normal',to_date('17-APR-2011','DD-MON-YYYY'),to_date('17-APR-2011','DD-MON-YYYY')+9);
INSERT INTO test_record VALUES(1031,4,19600,2,'lab6','normal',to_date('26-JUL-2011','DD-MON-YYYY'),to_date('26-JUL-2011','DD-MON-YYYY')+13);
INSERT INTO test_record VALUES(1032,4,19605,1,'lab7','normal',to_date('11-OCT-2012','DD-MON-YYYY'),to_date('11-OCT-2012','DD-MON-YYYY')+12);
INSERT INTO test_record VALUES(1033,4,19605,3,'lab4','normal',to_date('18-AUG-2012','DD-MON-YYYY'),to_date('18-AUG-2012','DD-MON-YYYY')+8);
INSERT INTO test_record VALUES(1034,4,19609,3,'lab4','normal',to_date('27-AUG-2012','DD-MON-YYYY'),to_date('27-AUG-2012','DD-MON-YYYY')+7);
INSERT INTO test_record VALUES(1035,4,19609,4,'lab5','normal',to_date('27-FEB-2012','DD-MON-YYYY'),to_date('27-FEB-2012','DD-MON-YYYY')+12);
INSERT INTO test_record VALUES(1036,4,19604,2,'lab7','normal',to_date('11-NOV-2012','DD-MON-YYYY'),to_date('11-NOV-2012','DD-MON-YYYY')+13);
INSERT INTO test_record VALUES(1037,4,19608,1,'lab3','abnormal',to_date('19-JUL-2013','DD-MON-YYYY'),to_date('19-JUL-2013','DD-MON-YYYY')+7);
INSERT INTO test_record VALUES(1038,4,19603,3,'lab7','abnormal',to_date('6-FEB-2013','DD-MON-YYYY'),to_date('6-FEB-2013','DD-MON-YYYY')+10);
INSERT INTO test_record VALUES(1039,4,19605,4,'lab4','normal',to_date('16-DEC-2013','DD-MON-YYYY'),to_date('16-DEC-2013','DD-MON-YYYY')+8);
INSERT INTO test_record VALUES(1040,4,19607,5,'lab3','normal',to_date('21-SEP-2013','DD-MON-YYYY'),to_date('21-SEP-2013','DD-MON-YYYY')+8);
INSERT INTO test_record VALUES(1041,4,19603,4,'lab4','normal',to_date('12-MAR-2013','DD-MON-YYYY'),to_date('12-MAR-2013','DD-MON-YYYY')+7);
INSERT INTO test_record VALUES(1042,4,19600,3,'lab6','normal',to_date('27-APR-2014','DD-MON-YYYY'),to_date('27-APR-2014','DD-MON-YYYY')+12);
INSERT INTO test_record VALUES(1043,4,19602,3,'lab5','normal',to_date('23-SEP-2014','DD-MON-YYYY'),to_date('23-SEP-2014','DD-MON-YYYY')+9);
INSERT INTO test_record VALUES(1044,4,19605,4,'lab6','normal',to_date('3-DEC-2014','DD-MON-YYYY'),to_date('3-DEC-2014','DD-MON-YYYY')+10);
INSERT INTO test_record VALUES(1045,4,19606,4,'lab6','normal',to_date('19-OCT-2014','DD-MON-YYYY'),to_date('19-OCT-2014','DD-MON-YYYY')+11);
INSERT INTO test_record VALUES(1046,4,19605,2,'lab4','normal',to_date('5-SEP-2014','DD-MON-YYYY'),to_date('5-SEP-2014','DD-MON-YYYY')+12);
INSERT INTO test_record VALUES(1047,4,19701,1,'lab7','normal',to_date('25-JUN-2010','DD-MON-YYYY'),to_date('25-JUN-2010','DD-MON-YYYY')+8);
INSERT INTO test_record VALUES(1048,4,19713,1,'lab3','normal',to_date('22-OCT-2010','DD-MON-YYYY'),to_date('22-OCT-2010','DD-MON-YYYY')+9);
INSERT INTO test_record VALUES(1049,4,19707,1,'lab3','normal',to_date('4-FEB-2010','DD-MON-YYYY'),to_date('4-FEB-2010','DD-MON-YYYY')+8);
INSERT INTO test_record VALUES(1050,4,19708,4,'lab3','normal',to_date('23-JUL-2010','DD-MON-YYYY'),to_date('23-JUL-2010','DD-MON-YYYY')+13);
INSERT INTO test_record VALUES(1051,4,19703,2,'lab6','abnormal',to_date('18-MAY-2010','DD-MON-YYYY'),to_date('18-MAY-2010','DD-MON-YYYY')+7);
INSERT INTO test_record VALUES(1052,4,19700,1,'lab4','normal',to_date('4-FEB-2011','DD-MON-YYYY'),to_date('4-FEB-2011','DD-MON-YYYY')+10);
INSERT INTO test_record VALUES(1053,4,19707,4,'lab3','normal',to_date('25-MAY-2011','DD-MON-YYYY'),to_date('25-MAY-2011','DD-MON-YYYY')+7);
INSERT INTO test_record VALUES(1054,4,19700,3,'lab7','normal',to_date('9-APR-2011','DD-MON-YYYY'),to_date('9-APR-2011','DD-MON-YYYY')+12);
INSERT INTO test_record VALUES(1055,4,19714,4,'lab4','normal',to_date('23-JUL-2011','DD-MON-YYYY'),to_date('23-JUL-2011','DD-MON-YYYY')+13);
INSERT INTO test_record VALUES(1056,4,19713,1,'lab4','normal',to_date('19-NOV-2011','DD-MON-YYYY'),to_date('19-NOV-2011','DD-MON-YYYY')+12);
INSERT INTO test_record VALUES(1057,4,19708,2,'lab4','normal',to_date('27-AUG-2012','DD-MON-YYYY'),to_date('27-AUG-2012','DD-MON-YYYY')+7);
INSERT INTO test_record VALUES(1058,4,19713,2,'lab3','normal',to_date('8-DEC-2012','DD-MON-YYYY'),to_date('8-DEC-2012','DD-MON-YYYY')+10);
INSERT INTO test_record VALUES(1059,4,19706,5,'lab7','normal',to_date('9-OCT-2012','DD-MON-YYYY'),to_date('9-OCT-2012','DD-MON-YYYY')+13);
INSERT INTO test_record VALUES(1060,4,19707,3,'lab7','normal',to_date('5-AUG-2012','DD-MON-YYYY'),to_date('5-AUG-2012','DD-MON-YYYY')+13);
INSERT INTO test_record VALUES(1061,4,19712,5,'lab4','abnormal',to_date('21-MAY-2012','DD-MON-YYYY'),to_date('21-MAY-2012','DD-MON-YYYY')+12);
INSERT INTO test_record VALUES(1062,4,19700,2,'lab5','normal',to_date('21-DEC-2013','DD-MON-YYYY'),to_date('21-DEC-2013','DD-MON-YYYY')+9);
INSERT INTO test_record VALUES(1063,4,19705,5,'lab4','normal',to_date('24-AUG-2013','DD-MON-YYYY'),to_date('24-AUG-2013','DD-MON-YYYY')+10);
INSERT INTO test_record VALUES(1064,4,19700,2,'lab6','normal',to_date('3-OCT-2013','DD-MON-YYYY'),to_date('3-OCT-2013','DD-MON-YYYY')+12);
INSERT INTO test_record VALUES(1065,4,19705,2,'lab5','normal',to_date('21-FEB-2013','DD-MON-YYYY'),to_date('21-FEB-2013','DD-MON-YYYY')+11);
INSERT INTO test_record VALUES(1066,4,19702,2,'lab5','normal',to_date('22-JUL-2013','DD-MON-YYYY'),to_date('22-JUL-2013','DD-MON-YYYY')+9);
INSERT INTO test_record VALUES(1067,4,19706,3,'lab4','normal',to_date('5-OCT-2014','DD-MON-YYYY'),to_date('5-OCT-2014','DD-MON-YYYY')+10);
INSERT INTO test_record VALUES(1068,4,19714,1,'lab5','abnormal',to_date('24-MAY-2014','DD-MON-YYYY'),to_date('24-MAY-2014','DD-MON-YYYY')+10);
INSERT INTO test_record VALUES(1069,4,19706,1,'lab4','normal',to_date('26-AUG-2014','DD-MON-YYYY'),to_date('26-AUG-2014','DD-MON-YYYY')+12);
INSERT INTO test_record VALUES(1070,4,19709,5,'lab4','normal',to_date('9-MAR-2014','DD-MON-YYYY'),to_date('9-MAR-2014','DD-MON-YYYY')+12);
INSERT INTO test_record VALUES(1071,4,19712,1,'lab7','normal',to_date('9-APR-2014','DD-MON-YYYY'),to_date('9-APR-2014','DD-MON-YYYY')+13);
INSERT INTO test_record VALUES(1072,4,19802,4,'lab6','normal',to_date('26-JUL-2010','DD-MON-YYYY'),to_date('26-JUL-2010','DD-MON-YYYY')+12);
INSERT INTO test_record VALUES(1073,4,19802,1,'lab5','normal',to_date('4-DEC-2010','DD-MON-YYYY'),to_date('4-DEC-2010','DD-MON-YYYY')+11);
INSERT INTO test_record VALUES(1074,4,19801,2,'lab3','normal',to_date('14-OCT-2010','DD-MON-YYYY'),to_date('14-OCT-2010','DD-MON-YYYY')+11);
INSERT INTO test_record VALUES(1075,4,19806,3,'lab5','normal',to_date('2-JUL-2010','DD-MON-YYYY'),to_date('2-JUL-2010','DD-MON-YYYY')+9);
INSERT INTO test_record VALUES(1076,4,19802,4,'lab5','normal',to_date('16-NOV-2010','DD-MON-YYYY'),to_date('16-NOV-2010','DD-MON-YYYY')+8);
INSERT INTO test_record VALUES(1077,4,19803,4,'lab4','normal',to_date('3-APR-2011','DD-MON-YYYY'),to_date('3-APR-2011','DD-MON-YYYY')+7);
INSERT INTO test_record VALUES(1078,4,19806,5,'lab5','normal',to_date('18-SEP-2011','DD-MON-YYYY'),to_date('18-SEP-2011','DD-MON-YYYY')+8);
INSERT INTO test_record VALUES(1079,4,19807,5,'lab6','normal',to_date('15-AUG-2011','DD-MON-YYYY'),to_date('15-AUG-2011','DD-MON-YYYY')+11);
INSERT INTO test_record VALUES(1080,4,19801,3,'lab3','normal',to_date('24-MAY-2011','DD-MON-YYYY'),to_date('24-MAY-2011','DD-MON-YYYY')+13);
INSERT INTO test_record VALUES(1081,4,19800,2,'lab4','normal',to_date('13-JUL-2011','DD-MON-YYYY'),to_date('13-JUL-2011','DD-MON-YYYY')+13);
INSERT INTO test_record VALUES(1082,4,19813,4,'lab3','normal',to_date('11-MAR-2012','DD-MON-YYYY'),to_date('11-MAR-2012','DD-MON-YYYY')+9);
INSERT INTO test_record VALUES(1083,4,19814,2,'lab7','normal',to_date('4-AUG-2012','DD-MON-YYYY'),to_date('4-AUG-2012','DD-MON-YYYY')+8);
INSERT INTO test_record VALUES(1084,4,19800,2,'lab3','normal',to_date('5-MAY-2012','DD-MON-YYYY'),to_date('5-MAY-2012','DD-MON-YYYY')+10);
INSERT INTO test_record VALUES(1085,4,19802,3,'lab3','normal',to_date('26-FEB-2012','DD-MON-YYYY'),to_date('26-FEB-2012','DD-MON-YYYY')+13);
INSERT INTO test_record VALUES(1086,4,19813,4,'lab5','normal',to_date('17-OCT-2012','DD-MON-YYYY'),to_date('17-OCT-2012','DD-MON-YYYY')+9);
INSERT INTO test_record VALUES(1087,4,19804,1,'lab6','normal',to_date('7-SEP-2013','DD-MON-YYYY'),to_date('7-SEP-2013','DD-MON-YYYY')+10);
INSERT INTO test_record VALUES(1088,4,19811,5,'lab5','normal',to_date('17-JUL-2013','DD-MON-YYYY'),to_date('17-JUL-2013','DD-MON-YYYY')+11);
INSERT INTO test_record VALUES(1089,4,19809,5,'lab3','normal',to_date('23-JUN-2013','DD-MON-YYYY'),to_date('23-JUN-2013','DD-MON-YYYY')+12);
INSERT INTO test_record VALUES(1090,4,19811,1,'lab5','normal',to_date('3-NOV-2013','DD-MON-YYYY'),to_date('3-NOV-2013','DD-MON-YYYY')+11);
INSERT INTO test_record VALUES(1091,4,19817,4,'lab6','normal',to_date('9-SEP-2013','DD-MON-YYYY'),to_date('9-SEP-2013','DD-MON-YYYY')+8);
INSERT INTO test_record VALUES(1092,4,19805,1,'lab3','normal',to_date('14-SEP-2014','DD-MON-YYYY'),to_date('14-SEP-2014','DD-MON-YYYY')+13);
INSERT INTO test_record VALUES(1093,4,19805,3,'lab7','normal',to_date('10-NOV-2014','DD-MON-YYYY'),to_date('10-NOV-2014','DD-MON-YYYY')+8);
INSERT INTO test_record VALUES(1094,4,19815,5,'lab6','normal',to_date('19-JUL-2014','DD-MON-YYYY'),to_date('19-JUL-2014','DD-MON-YYYY')+8);
INSERT INTO test_record VALUES(1095,4,19800,3,'lab6','normal',to_date('3-SEP-2014','DD-MON-YYYY'),to_date('3-SEP-2014','DD-MON-YYYY')+12);
INSERT INTO test_record VALUES(1096,4,19811,2,'lab5','normal',to_date('22-SEP-2014','DD-MON-YYYY'),to_date('22-SEP-2014','DD-MON-YYYY')+9);
INSERT INTO test_record VALUES(1097,4,19902,3,'lab4','normal',to_date('2-NOV-2010','DD-MON-YYYY'),to_date('2-NOV-2010','DD-MON-YYYY')+13);
INSERT INTO test_record VALUES(1098,4,19901,3,'lab7','normal',to_date('13-MAY-2010','DD-MON-YYYY'),to_date('13-MAY-2010','DD-MON-YYYY')+11);
INSERT INTO test_record VALUES(1099,4,19901,4,'lab6','normal',to_date('12-DEC-2010','DD-MON-YYYY'),to_date('12-DEC-2010','DD-MON-YYYY')+12);
INSERT INTO test_record VALUES(1100,4,19905,1,'lab4','normal',to_date('11-DEC-2010','DD-MON-YYYY'),to_date('11-DEC-2010','DD-MON-YYYY')+12);
INSERT INTO test_record VALUES(1101,4,19916,2,'lab5','normal',to_date('10-AUG-2010','DD-MON-YYYY'),to_date('10-AUG-2010','DD-MON-YYYY')+8);
INSERT INTO test_record VALUES(1102,4,19923,2,'lab5','normal',to_date('9-SEP-2011','DD-MON-YYYY'),to_date('9-SEP-2011','DD-MON-YYYY')+11);
INSERT INTO test_record VALUES(1103,4,19911,1,'lab5','normal',to_date('27-DEC-2011','DD-MON-YYYY'),to_date('27-DEC-2011','DD-MON-YYYY')+10);
INSERT INTO test_record VALUES(1104,4,19919,2,'lab6','normal',to_date('10-OCT-2011','DD-MON-YYYY'),to_date('10-OCT-2011','DD-MON-YYYY')+12);
INSERT INTO test_record VALUES(1105,4,19901,3,'lab3','normal',to_date('6-AUG-2011','DD-MON-YYYY'),to_date('6-AUG-2011','DD-MON-YYYY')+12);
INSERT INTO test_record VALUES(1106,4,19923,3,'lab5','normal',to_date('24-NOV-2011','DD-MON-YYYY'),to_date('24-NOV-2011','DD-MON-YYYY')+13);
INSERT INTO test_record VALUES(1107,4,19907,5,'lab6','normal',to_date('21-JUL-2012','DD-MON-YYYY'),to_date('21-JUL-2012','DD-MON-YYYY')+7);
INSERT INTO test_record VALUES(1108,4,19910,4,'lab3','normal',to_date('6-JUL-2012','DD-MON-YYYY'),to_date('6-JUL-2012','DD-MON-YYYY')+13);
INSERT INTO test_record VALUES(1109,4,19905,4,'lab3','normal',to_date('21-JUL-2012','DD-MON-YYYY'),to_date('21-JUL-2012','DD-MON-YYYY')+12);
INSERT INTO test_record VALUES(1110,4,19919,5,'lab3','normal',to_date('8-FEB-2012','DD-MON-YYYY'),to_date('8-FEB-2012','DD-MON-YYYY')+12);
INSERT INTO test_record VALUES(1111,4,19923,5,'lab5','normal',to_date('20-NOV-2012','DD-MON-YYYY'),to_date('20-NOV-2012','DD-MON-YYYY')+8);
INSERT INTO test_record VALUES(1112,4,19911,4,'lab7','normal',to_date('26-DEC-2013','DD-MON-YYYY'),to_date('26-DEC-2013','DD-MON-YYYY')+11);
INSERT INTO test_record VALUES(1113,4,19923,3,'lab4','normal',to_date('27-NOV-2013','DD-MON-YYYY'),to_date('27-NOV-2013','DD-MON-YYYY')+13);
INSERT INTO test_record VALUES(1114,4,19907,3,'lab5','normal',to_date('20-AUG-2013','DD-MON-YYYY'),to_date('20-AUG-2013','DD-MON-YYYY')+12);
INSERT INTO test_record VALUES(1115,4,19915,2,'lab3','normal',to_date('5-SEP-2013','DD-MON-YYYY'),to_date('5-SEP-2013','DD-MON-YYYY')+10);
INSERT INTO test_record VALUES(1116,4,19924,5,'lab5','normal',to_date('27-JUL-2013','DD-MON-YYYY'),to_date('27-JUL-2013','DD-MON-YYYY')+9);
INSERT INTO test_record VALUES(1117,4,19901,1,'lab6','normal',to_date('11-JUL-2014','DD-MON-YYYY'),to_date('11-JUL-2014','DD-MON-YYYY')+7);
INSERT INTO test_record VALUES(1118,4,19910,2,'lab3','normal',to_date('15-JUN-2014','DD-MON-YYYY'),to_date('15-JUN-2014','DD-MON-YYYY')+10);
INSERT INTO test_record VALUES(1119,4,19911,5,'lab6','normal',to_date('12-JUN-2014','DD-MON-YYYY'),to_date('12-JUN-2014','DD-MON-YYYY')+8);
INSERT INTO test_record VALUES(1120,4,19918,1,'lab6','normal',to_date('23-JUN-2014','DD-MON-YYYY'),to_date('23-JUN-2014','DD-MON-YYYY')+10);
INSERT INTO test_record VALUES(1121,4,19909,1,'lab4','normal',to_date('13-JUN-2014','DD-MON-YYYY'),to_date('13-JUN-2014','DD-MON-YYYY')+11);
commit;
